Store,Dept,mean,sum
1,1,22513.322937062938,3219405.18
1,2,46102.09041958042,6592598.93
1,3,13150.478041958042,1880518.36
1,4,36964.154475524476,5285874.09
1,5,24257.94111888112,3468885.58
1,6,4801.7801398601405,686654.56
1,7,24566.487412587412,3513007.7
1,8,35718.25762237762,5107710.84
1,9,28062.05223776224,4012873.47
1,10,31033.386363636364,4437774.25
1,11,24919.270629370632,3563455.7
1,12,10566.545314685314,1511015.98
1,13,38692.88048951049,5533081.91
1,14,15268.550909090907,2183402.78
1,16,24151.06132867133,3453601.77
1,17,9196.557902097902,1315107.78
1,18,7765.304424778761,877479.4
1,19,1259.0185314685314,180039.65
1,20,4091.5715384615382,585094.73
1,21,7808.450559440559,1116608.43
1,22,8052.076153846153,1151446.89
1,23,21623.184685314685,3092115.41
1,24,6187.38972027972,884796.73
1,25,10152.336783216782,1451784.16
1,26,6767.9972727272725,967823.61
1,27,1374.6496503496503,196574.9
1,28,593.113986013986,84815.3
1,29,4651.04020979021,665098.75
1,30,3415.295034965035,488387.19
1,31,2408.533286713287,344420.26
1,32,8202.668391608393,1172981.58
1,33,5946.431188811189,850339.66
1,34,11530.831678321678,1648908.93
1,35,2535.7309090909093,362609.52
1,36,1476.2035664335663,211097.11
1,37,2800.4951048951048,400470.8
1,38,79978.22258741259,11436885.83
1,40,58510.40916083916,8366988.51
1,41,1064.7696503496504,152262.06
1,42,7940.326223776223,1135466.65
1,44,4872.724405594406,696799.59
1,45,23.995070422535214,1703.65
1,46,19662.98986013986,2811807.55
1,47,-116.45454545454545,-2562.0
1,48,917.72792,114715.99
1,49,11437.931258741259,1635624.17
1,51,32.71272727272727,1079.52
1,52,2355.439370629371,336827.83
1,54,90.92105263157895,12092.5
1,55,12817.843356643358,1832951.6
1,56,4000.4806293706292,572068.73
1,58,3372.4744755244756,482263.85
1,59,857.7751048951048,122661.84
1,60,1020.9958041958041,146002.4
1,67,7436.017342657343,1063350.48
1,71,2732.4733566433565,390743.69
1,72,47390.644895104895,6776862.22
1,74,11652.827412587412,1666354.32
1,77,677.0,2031.0
1,78,11.5,46.0
1,79,33974.792937062935,4858395.39
1,80,17139.314615384617,2450921.99
1,81,29780.696573426576,4258639.61
1,82,20727.86090909091,2964084.11
1,83,5704.0489510489515,815679.0
1,85,3685.8755244755243,527080.2
1,87,46006.2772027972,6578897.64
1,90,82427.54783216784,11787139.34
1,91,64238.94342657343,9186168.91
1,92,135458.96951048952,19370632.64
1,93,71699.18237762238,10252983.08
1,94,63180.568181818184,9034821.25
1,95,120772.06216783218,17270404.89
1,96,33251.831639344266,4056723.46
1,97,35207.34881118881,5034650.88
1,98,11827.770769230769,1691371.22
1,99,306.0910810810811,11325.37
2,1,30777.98076923077,4401251.25
2,2,65912.92251748251,9425547.92
2,3,17476.563356643357,2499148.56
2,4,45607.66657342658,6521896.32
2,5,30555.315314685315,4369410.09
2,6,6808.382517482517,973598.7
2,7,40477.83706293706,5788330.7
2,8,58707.36944055944,8395153.83
2,9,34375.864475524475,4915748.62
2,10,38845.85447552448,5554957.19
2,11,23382.686153846156,3343724.12
2,12,7735.9462937062945,1106240.32
2,13,46117.95923076923,6594868.17
2,14,21314.132937062936,3047921.01
2,16,27005.17965034965,3861740.69
2,17,13790.854195804195,1972092.15
2,18,11687.563008849558,1320694.62
2,19,4053.43993006993,579641.91
2,20,5748.619440559441,822052.58
2,21,9910.939860139859,1417264.4
2,22,12923.013846153846,1847990.98
2,23,29170.616573426574,4171398.17
2,24,8309.564545454545,1188267.73
2,25,15299.508391608393,2187829.7
2,26,9347.725104895104,1336724.69
2,27,1837.9546153846154,262827.51
2,28,798.9132167832167,114244.59
2,29,7111.482657342657,1016942.02
2,30,4981.155384615385,712305.22
2,31,3884.756993006993,555520.25
2,32,11755.096713286714,1680978.83
2,33,7488.096993006994,1070797.87
2,34,17595.203496503498,2516114.1
2,35,3875.588601398602,554209.17
2,36,2631.7505594405598,376340.33
2,37,4500.250769230769,643535.86
2,38,85114.996013986,12171444.43
2,39,2.34,9.36
2,40,78174.5602097902,11178962.11
2,41,2592.2207692307693,370687.57
2,42,8768.857692307693,1253946.65
2,44,7245.5411888111885,1036112.39
2,45,29.139848484848486,1923.23
2,46,29675.324545454547,4243571.41
2,47,18.068181818181817,397.5
2,48,1358.3479136690646,188810.36
2,49,15568.465664335663,2226290.59
2,51,16.226666666666667,194.72
2,52,4148.373566433566,593217.42
2,54,104.50286764705882,14212.39
2,55,13060.297692307693,1867622.57
2,56,5545.122307692308,792952.49
2,58,21610.019090909092,3090232.73
2,59,1391.5205594405595,198987.44
2,60,221.54594594594593,24591.6
2,67,12125.255594405595,1733911.55
2,71,4634.6093706293705,662749.14
2,72,72929.49664335664,10428918.02
2,74,16986.406013986016,2429056.06
2,77,817.5,1635.0
2,78,11.764,117.64
2,79,32759.096993006995,4684550.87
2,80,26041.273566433567,3723902.12
2,81,31000.484265734267,4433069.25
2,82,24647.232587412585,3524554.26
2,83,5710.719650349651,816632.91
2,85,3672.0427972027974,525102.12
2,87,24932.985804195807,3565416.97
2,90,97611.53713286713,13958449.81
2,91,80610.38034965035,11527284.39
2,92,164840.230979021,23572153.03
2,93,70581.97706293706,10093222.72
2,94,70018.67251748251,10012670.17
2,95,143588.75188811187,20533191.52
2,96,34319.06384615385,4907626.13
2,97,40697.20405594406,5819700.18
2,98,14035.40083916084,2007062.32
2,99,475.8969047619047,19987.67
3,1,7328.621048951049,1047992.8099999999
3,2,16841.775664335662,2408373.92
3,3,5509.300769230769,787830.01
3,4,8434.186503496503,1206088.67
3,5,11695.366573426572,1672437.42
3,6,2012.4118181818183,287774.89
3,7,10044.341608391609,1436340.85
3,8,8310.254195804197,1188366.35
3,9,9062.007692307692,1295867.1
3,10,10871.944125874126,1554688.01
3,11,8774.928041958041,1254814.71
3,12,2383.603006993007,340855.23
3,13,11363.06167832168,1624917.82
3,14,4626.649020979022,661610.81
3,16,7871.568321678322,1125634.27
3,17,2634.1996503496503,376690.55
3,18,2960.677739130435,340477.94
3,19,731.3131468531468,104577.78
3,20,1682.1992307692308,240554.49
3,21,1244.5296503496502,177967.74
3,22,3101.76986013986,443553.09
3,23,10913.330069930069,1560606.2
3,24,2763.627342657343,395198.71
3,25,4260.447972027972,609244.06
3,26,2850.050839160839,407557.27
3,27,500.19363636363636,71527.69
3,28,166.87006993006992,23862.42
3,29,1517.404055944056,216988.78
3,30,1243.926993006993,177881.56
3,31,878.4754545454546,125621.99
3,32,4296.111048951049,614343.88
3,33,3228.155104895105,461626.18
3,34,4579.71916083916,654899.84
3,35,1439.3255244755244,205823.55
3,36,622.6893706293706,89044.58
3,38,108598.36412587413,15529566.07
3,40,18203.10825174825,2603044.48
3,41,646.832027972028,92496.98
3,42,4422.944405594406,632481.05
3,44,2133.657762237762,305113.06
3,45,9.922500000000001,119.07000000000001
3,46,6179.259510489511,883634.11
3,47,38.875,311.0
3,49,17.581481481481482,949.4
3,51,5.411803278688525,330.12
3,52,961.3902097902097,137478.8
3,54,58.3112389380531,6589.17
3,55,7153.737902097902,1022984.52
3,56,1606.8088811188811,229773.67
3,59,244.87845528455284,30120.05
3,60,138.12587412587413,19752.0
3,67,2021.4826573426574,289072.02
3,71,1101.6100000000001,157530.23
3,72,22796.856573426576,3259950.49
3,74,3374.9607692307695,482619.39
3,77,424.0,1272.0
3,78,6.0,6.0
3,79,7230.372447552448,1033943.26
3,80,24.420476190476194,512.83
3,81,1429.3000699300699,204389.91
3,82,6746.578391608391,964760.71
3,83,19.33,19.33
3,85,874.1281818181818,125000.33
3,87,939.4354545454545,134339.27
3,90,1540.0491608391608,220227.03
3,91,318.68559440559443,45572.04
3,92,7568.28020979021,1082264.07
3,94,656.2944444444445,35439.9
3,95,15745.528251748252,2251610.54
3,96,3934.54,562639.22
3,97,343.43735714285714,48081.23
3,98,30.570833333333333,1100.55
4,1,36979.94006993007,5288131.43
4,2,93639.31538461539,13390422.1
4,3,19012.49167832168,2718786.31
4,4,56603.40013986014,8094286.22
4,5,45668.406783216786,6530582.17
4,6,8241.777692307693,1178574.21
4,7,50728.1513986014,7254125.65
4,8,62949.72377622378,9001810.5
4,9,34437.17097902098,4924515.45
4,10,37269.66741258741,5329562.44
4,11,27145.836643356644,3881854.64
4,12,8141.9109790209795,1164293.27
4,13,69596.44734265735,9952291.97
4,14,28567.509440559443,4085153.85
4,16,21270.153006993005,3041631.88
4,17,15815.878041958042,2261670.56
4,18,13146.54379032258,1630171.43
4,19,3038.317762237762,434479.44
4,20,8888.302867132868,1271027.31
4,21,8865.273146853147,1267734.06
4,22,17289.916293706294,2472458.03
4,23,46234.012867132864,6611463.84
4,24,10875.301188811189,1555168.07
4,25,15640.748531468531,2236627.04
4,26,18429.75993006993,2635455.67
4,27,2579.9061538461538,368926.58
4,28,916.2322377622378,131021.21
4,29,9472.12118881119,1354513.33
4,30,7683.686783216783,1098767.21
4,31,3813.243986013986,545293.89
4,32,13685.43034965035,1957016.54
4,33,12304.056223776224,1759480.04
4,34,25142.675384615384,3595402.58
4,35,4376.574755244755,625850.19
4,36,3005.231468531468,429748.1
4,37,3640.7527272727275,520627.64
4,38,80093.94608391607,11453434.29
4,39,1.56,1.56
4,40,78729.26307692307,11258284.62
4,41,975.4176223776224,139484.72
4,42,9511.818531468532,1360190.05
4,44,5441.563566433566,778143.59
4,45,13.696938775510203,671.15
4,46,39128.89615384616,5595432.15
4,47,23.536153846153848,305.97
4,48,2324.6155319148934,327770.79
4,49,6911.676643356644,988369.76
4,51,8.2,188.6
4,52,3721.521328671329,532177.55
4,54,131.887,18464.18
4,55,18662.6272027972,2668755.69
4,56,6040.540839160839,863797.34
4,58,6078.142307692307,869174.35
4,59,1586.4469930069931,226861.92
4,60,410.7951048951049,58743.7
4,67,12471.426713286713,1783414.02
4,71,7686.018741258741,1099100.68
4,72,101244.45083916084,14477956.47
4,74,20627.30776223776,2949705.01
4,77,344.57142857142856,2412.0
4,78,5.375,43.0
4,79,52436.656923076924,7498441.94
4,80,19379.101398601397,2771211.5
4,81,31055.285314685312,4440905.8
4,82,29371.32097902098,4200098.9
4,83,9161.217342657343,1310054.08
4,85,2730.06,390398.58
4,87,14223.462307692309,2033955.11
4,90,89248.96552447553,12762602.07
4,91,66535.4072027972,9514563.23
4,92,159365.1079020979,22789210.43
4,93,67815.16300699301,9697568.31
4,94,68159.10657342657,9746752.24
4,95,147236.4737062937,21054815.74
4,96,38346.57307692308,5483559.95
4,97,39339.23895104895,5625511.17
4,98,15009.249370629372,2146322.66
4,99,623.182380952381,26173.66
5,1,9774.553076923077,1397761.09
5,2,12317.953286713288,1761467.32
5,3,4101.085174825175,586455.18
5,4,9860.806783216784,1410095.37
5,5,6699.202237762238,957985.92
5,6,1191.0576223776222,170321.24
5,7,6124.484335664336,875801.26
5,8,13735.70944055944,1964206.45
5,9,7919.805944055944,1132532.25
5,10,9783.395384615385,1399025.54
5,11,7389.049440559441,1056634.07
5,12,2515.3472727272724,359694.66
5,13,11242.656083916085,1607699.82
5,14,3697.422377622378,528731.4
5,16,7717.567622377622,1103612.17
5,17,2396.7813286713285,342739.73
5,18,2185.893,218589.3
5,19,46.327368421052626,2640.66
5,20,1220.832797202797,174579.09
5,21,1316.4146153846154,188247.29
5,22,2430.053986013986,347497.72000000003
5,23,6141.862727272727,878286.37
5,24,1480.2327972027972,211673.29
5,25,2685.5781818181817,384037.68
5,26,1782.2095104895104,254855.96
5,27,377.28916083916084,53952.35
5,28,203.28237762237762,29069.38
5,29,1343.724895104895,192152.66
5,30,857.1524475524476,122572.8
5,31,655.4497902097903,93729.32
5,32,2450.897622377622,350478.36
5,33,1598.760909090909,228622.81
5,34,3602.7625874125874,515195.05
5,35,1162.082027972028,166177.73
5,36,587.0637062937063,83950.11
5,38,55199.79188811189,7893570.24
5,40,19328.994965034963,2764046.28
5,41,524.7532167832168,75039.71
5,42,2932.116153846154,419292.61
5,44,1317.444125874126,188394.51
5,45,18.588260869565215,1282.59
5,46,4895.629510489511,700075.02
5,47,38.72727272727273,426.0
5,49,39.14160714285714,2191.93
5,51,6.68,33.4
5,52,530.8146853146853,75906.5
5,54,45.917755102040815,4499.94
5,55,3445.1,492649.3
5,56,1220.3167132867134,174505.29
5,58,871.1764705882352,103670.0
5,59,78.25601941747573,8060.37
5,60,236.53146853146853,33824.0
5,67,3036.8645454545454,434271.63
5,71,456.66125874125873,65302.56
5,72,11656.51909090909,1666882.23
5,74,3523.767972027972,503898.82
5,77,465.075,930.15
5,78,6.0,6.0
5,79,5009.172447552448,716311.66
5,80,6.079999999999999,18.24
5,81,2615.837132867133,374064.71
5,82,3887.787482517482,555953.61
5,85,935.0770629370629,133716.02
5,87,10089.581818181818,1442810.2
5,90,3059.52,437511.36
5,91,1457.2216783216784,208382.7
5,92,7759.205594405594,1109566.4
5,94,411.4314864864865,30445.93
5,95,19340.693986013986,2765719.24
5,96,5985.671118881119,855950.97
5,97,667.07031496063,84717.93000000001
5,98,29.97608695652174,689.45
6,1,23867.553776223776,3413060.19
6,2,50269.43727272727,7188529.53
6,3,16806.63881118881,2403349.35
6,4,34187.3665034965,4888793.41
6,5,34465.30762237762,4928538.99
6,6,7225.566643356644,1033256.03
6,7,34526.87041958042,4937342.47
6,8,47577.71979020979,6803613.93
6,9,48271.060139860136,6902761.6
6,10,47436.477902097904,6783416.34
6,11,21882.11909090909,3129143.03
6,12,6683.218671328671,955700.27
6,13,37746.9313986014,5397811.19
6,14,25583.7413986014,3658475.02
6,16,28204.007552447554,4033173.08
6,17,16296.992447552448,2330469.92
6,18,11500.897168141593,1299601.3800000001
6,19,2585.304755244755,369698.58
6,20,9299.858601398602,1329879.78
6,21,9398.605454545455,1344000.58
6,22,18833.15090909091,2693140.58
6,23,30538.913776223777,4367064.67
6,24,6789.380909090909,970881.47
6,25,13777.691398601399,1970209.87
6,26,9098.63937062937,1301105.43
6,27,1798.5638461538463,257194.63
6,28,578.5354545454546,82730.57
6,29,6858.093916083916,980707.43
6,30,5020.268181818182,717898.35
6,31,3248.543776223776,464541.76
6,32,11369.82965034965,1625885.64
6,33,7213.951468531469,1031595.06
6,34,18101.45132867133,2588507.54
6,35,3551.4537062937065,507857.88
6,36,3456.0053846153846,494208.77
6,37,3911.7690909090907,559382.98
6,38,78545.19916083917,11231963.48
6,40,65833.7272027972,9414222.99
6,41,2641.5423776223774,377740.56
6,42,9399.415034965035,1344116.35
6,44,7780.472237762238,1112607.53
6,45,39.0079104477612,2613.53
6,46,27602.171958041956,3947110.59
6,47,-42.02333333333334,-756.4200000000001
6,48,1779.8714184397163,250961.87
6,49,12496.313146853146,1786972.78
6,51,31.228749999999998,249.82999999999998
6,52,4208.43958041958,601806.86
6,54,156.99078014184397,22135.7
6,55,16407.804475524477,2346316.04
6,56,6530.876153846154,933915.29
6,58,2993.474895104895,428066.91
6,59,1016.7490909090909,145395.12
6,60,295.8558241758242,26922.88
6,67,11701.160699300699,1673265.98
6,71,5752.100909090909,822550.43
6,72,80187.18111888113,11466766.9
6,74,21902.677482517483,3132082.88
6,77,625.185,1250.37
6,78,7.555555555555555,68.0
6,79,24457.038601398603,3497356.52
6,80,13724.418181818182,1962591.8
6,81,15454.445734265735,2209985.74
6,82,20111.96874125874,2876011.53
6,83,4031.0139160839162,576434.99
6,85,2682.87965034965,383651.79
6,87,40390.25741258741,5775806.81
6,90,53715.36608391608,7681297.35
6,91,45270.40517482518,6473667.94
6,92,99024.7965034965,14160545.9
6,93,41359.65118881119,5914430.12
6,94,41701.693496503496,5963342.17
6,95,89208.78629370629,12756856.44
6,96,30450.542237762238,4354427.54
6,97,20637.667062937064,2951186.39
6,98,9728.100629370629,1391118.39
6,99,388.63675,15545.47
7,1,9542.80125874126,1364620.58
7,2,22603.69076923077,3232327.78
7,3,8633.536923076923,1234595.78
7,4,14950.518601398602,2137924.16
7,5,13860.35048951049,1982030.12
7,6,6329.928811188811,905179.82
7,7,10925.757062937064,1562383.26
7,8,13970.61937062937,1997798.57
7,9,29722.736083916083,4250351.26
7,10,21136.56027972028,3022528.12
7,11,15362.294125874127,2196808.06
7,12,5674.272517482517,811420.97
7,13,14916.528391608392,2133063.56
7,14,10108.054475524475,1445451.79
7,16,13788.44888111888,1971748.19
7,17,5568.405384615385,796281.97
7,18,4255.952842105264,404315.52
7,19,468.26461538461535,24349.76
7,20,3127.7785314685316,447272.33
7,21,1885.2651748251747,269592.92
7,22,6814.387692307692,974457.44
7,23,14138.214265734267,2021764.6400000001
7,24,2555.7652447552446,365474.43
7,25,5219.990279720279,746458.61
7,26,1948.9158041958044,278694.96
7,27,644.6328671328671,92182.5
7,28,190.66951048951051,27265.74
7,29,1363.6124475524475,194996.58
7,30,1103.170979020979,157753.45
7,31,1799.5592307692307,257336.97
7,32,5376.747902097902,768874.95
7,33,2279.562097902098,325977.38
7,34,4684.3937762237765,669868.31
7,35,403.049020979021,57636.01
7,36,1880.9101398601401,268970.15
7,38,31451.814685314686,4497609.5
7,40,31603.352097902094,4519279.35
7,41,1606.0044055944056,229658.63
7,42,6485.042307692308,927361.05
7,44,3562.4972027972026,509437.1
7,45,22.821058823529413,1939.79
7,46,14670.128741258743,2097828.41
7,47,-9.90625,-158.5
7,48,1385.855421686747,115026.0
7,49,31.35671052631579,2383.11
7,51,35.368205128205126,1379.36
7,52,1303.6146153846155,186416.89
7,54,65.396,8174.5
7,55,6616.540489510489,946165.29
7,56,6417.87902097902,917756.7
7,58,972.6285,97262.85
7,59,81.48948717948718,9534.27
7,60,99.73398601398603,14261.960000000001
7,67,3989.6420979020977,570518.82
7,71,2394.07979020979,342353.41
7,72,45089.824895104895,6447844.96
7,74,9714.135314685316,1389121.35
7,77,293.25,1173.0
7,78,12.0,12.0
7,79,5856.907272727272,837537.74
7,80,450.67029629629627,60840.49
7,81,6426.511888111888,918991.2
7,82,9500.961958041958,1358637.56
7,83,574.0990714285714,80373.87
7,85,2056.1846853146853,294034.41
7,87,11113.217202797203,1589190.06
7,90,13858.405874125874,1981752.04
7,91,10263.880000000001,1467734.84
7,92,26530.89055944056,3793917.35
7,93,1328.1782517482518,189929.49
7,94,699.3325217391305,80423.24
7,95,34208.097272727275,4891757.91
7,96,1123.3832167832168,160643.8
7,97,4374.927902097902,625614.69
7,98,260.88659574468085,36785.01
7,99,15.0,15.0
8,1,14789.827342657343,2114945.31
8,2,35729.82174825175,5109364.51
8,3,10683.305104895104,1527712.63
8,4,21089.3093006993,3015771.23
8,5,19838.84923076923,2836955.44
8,6,3395.4254545454546,485545.84
8,7,20268.743776223775,2898430.36
8,8,26438.524335664337,3780708.98
8,9,11792.66167832168,1686350.62
8,10,20666.433776223774,2955300.03
8,11,18628.06146853147,2663812.79
8,12,7132.540769230769,1019953.33
8,13,25257.586433566434,3611834.86
8,14,10771.757342657344,1540361.3
8,16,16500.473776223775,2359567.75
8,17,7494.439020979021,1071704.78
8,18,6304.3180172413795,731300.89
8,19,1065.8739160839161,152419.97
8,20,3771.235734265734,539286.71
8,21,4685.762377622378,670064.02
8,22,7138.1132867132865,1020750.2
8,23,14693.072587412587,2101109.38
8,24,4429.390909090909,633402.9
8,25,6801.176503496504,972568.24
8,26,6156.060979020979,880316.72
8,27,923.8206993006992,132106.36
8,28,316.6808391608392,45285.36
8,29,2915.29006993007,416886.48
8,30,2335.2618181818184,333942.44
8,31,1415.6996503496503,202445.05
8,32,5807.735244755245,830506.14
8,33,5115.140979020979,731465.16
8,34,8371.814055944056,1197169.41
8,35,1885.4702097902098,269622.24
8,36,989.1644055944057,141450.51
8,37,2248.6220279720283,321552.95
8,38,58609.542937062935,8381164.64
8,40,38028.8806993007,5438129.94
8,41,1147.069160839161,164030.89
8,42,5284.069160839161,755621.89
8,44,3700.214405594406,529130.66
8,45,6.166428571428571,86.33
8,46,17933.37125874126,2564472.09
8,47,41.958333333333336,503.5
8,49,2272.3923076923074,324952.1
8,51,17.386666666666667,104.32
8,52,1945.2155944055946,278165.83
8,54,67.89480314960629,8622.64
8,55,7072.041048951049,1011301.87
8,56,5129.931048951049,733580.14
8,58,2025.4351145038167,265332.0
8,59,620.9097202797202,88790.09
8,60,236.34545454545454,33797.4
8,67,5298.26027972028,757651.22
8,71,2299.2993006993006,328799.8
8,72,37373.3693006993,5344391.81
8,74,9137.057552447552,1306599.23
8,77,333.0,999.0
8,78,7.228,72.28
8,79,21138.98622377622,3022875.03
8,80,9188.915104895106,1314014.86
8,81,12591.407622377623,1800571.29
8,82,14826.027482517484,2120121.93
8,83,2633.3274825174826,376565.83
8,85,2321.86006993007,332025.99
8,87,20204.175594405595,2889197.11
8,90,39333.56615384615,5624699.96
8,91,31530.56090909091,4508870.21
8,92,60465.63,8646585.09
8,93,27515.635314685314,3934735.85
8,94,25442.578041958044,3638288.66
8,95,62951.46370629371,9002059.31
8,96,16.986666666666668,50.96
8,97,16978.366503496505,2427906.41
8,98,6880.466433566433,983906.7
8,99,298.1537142857143,10435.38
9,1,11846.558251748253,1694057.83
9,2,24969.477412587414,3570635.27
9,3,7497.356783216784,1072122.02
9,4,17165.94776223776,2454730.53
9,5,19282.746013986016,2757432.68
9,6,2806.4163636363637,401317.54
9,7,13826.694335664335,1977217.29
9,8,21424.4706993007,3063699.31
9,9,13196.56972027972,1887109.47
9,10,12810.48034965035,1831898.69
9,11,14721.070979020978,2105113.15
9,12,6466.066013986015,924647.4400000001
9,13,22133.40062937063,3165076.29
9,14,7369.519580419581,1053841.3
9,16,12013.562797202798,1717939.48
9,17,4951.019090909091,707995.73
9,18,4100.968363636363,451106.52
9,19,1444.7647552447552,206601.36
9,20,2567.934895104895,367214.69
9,21,3614.4887412587414,516871.89
9,22,4941.852587412588,706684.92
9,23,11000.58972027972,1573084.33
9,24,2477.753986013986,354318.82
9,25,5204.926433566434,744304.48
9,26,4032.770769230769,576686.22
9,27,703.2374125874126,100562.95
9,28,246.34566433566434,35227.43
9,29,1919.3892307692306,274472.66
9,30,1601.397972027972,228999.91
9,31,1100.412027972028,157358.92
9,32,4458.402797202797,637551.6
9,33,2564.0693006993006,366661.91
9,34,5711.07909090909,816684.3099999999
9,35,1445.7544055944056,206742.88
9,36,800.5064084507043,113671.91
9,38,78211.80265734265,11184287.78
9,40,29158.154125874127,4169616.04
9,41,1008.2020979020979,144172.9
9,42,3063.9082517482516,438138.88
9,44,3328.3527272727274,475954.44
9,45,14.957647058823529,254.28
9,46,7773.091468531469,1111552.08
9,47,-3.0699999999999994,-55.25999999999999
9,48,763.7878787878788,50410.0
9,49,39.09710144927536,2697.7
9,51,4.72,14.16
9,52,1672.207132867133,239125.62
9,54,57.5238,5752.38
9,55,8607.05048951049,1230808.22
9,56,3070.459645390071,432934.81
9,59,214.68418803418803,25118.05
9,60,80.78,8158.78
9,67,3493.406223776224,499557.09
9,71,1389.0862937062936,198639.34
9,72,32268.857132867135,4614446.57
9,74,7289.247062937063,1042362.33
9,77,477.0,954.0
9,78,0.0,0.0
9,79,12208.863916083916,1745867.54
9,80,-10.334666666666667,-155.02
9,81,2381.7839160839158,340595.1
9,82,9933.852097902098,1420540.85
9,85,876.6294405594405,125358.01
9,87,14689.862937062937,2100650.4
9,90,2981.2495104895106,426318.68
9,91,869.2732867132868,124306.08
9,92,14123.063146853146,2019598.03
9,93,21.24,42.48
9,94,599.1125675675676,44334.33
9,95,29575.05076923077,4229232.26
9,96,3596.107762237762,514243.41
9,97,372.65555555555557,3353.9
9,98,27.93,391.02
10,1,39925.13895104895,5709294.87
10,2,109795.29146853146,15700726.68
10,3,32086.18146853147,4588323.95
10,4,48579.82636363636,6946915.17
10,5,58373.46027972028,8347404.82
10,6,10556.55076923077,1509586.76
10,7,58964.715664335665,8431954.34
10,8,86739.84664335665,12403798.07
10,9,64436.72251748252,9214451.32
10,10,48108.0634965035,6879453.08
10,11,32911.81538461538,4706389.6
10,12,9243.15853146853,1321771.67
10,13,62799.06748251749,8980266.65
10,14,40044.63776223776,5726383.2
10,16,30273.874755244753,4329164.09
10,17,27206.583356643358,3890541.42
10,18,18255.93380952381,1916873.05
10,19,3077.0884615384616,440023.65
10,20,15551.453776223778,2223857.89
10,21,9678.942097902098,1384088.72
10,22,25618.934125874126,3663507.58
10,23,65729.84657342658,9399368.06
10,24,15179.222937062936,2170628.88
10,25,21141.616293706295,3023251.13
10,26,17197.121678321677,2459188.4
10,27,4361.426503496504,623683.99
10,28,1327.1272727272728,189779.2
10,29,15703.823426573426,2245646.75
10,30,11490.118951048951,1643087.01
10,31,6122.35006993007,875496.06
10,32,21571.249510489513,3084688.68
10,33,14919.34258741259,2133465.99
10,34,43753.47461538461,6256746.87
10,35,8592.219090909091,1228687.33
10,36,3654.7978321678324,522636.09
10,37,4048.2794405594404,578903.96
10,38,88068.00776223776,12593725.11
10,40,99866.58160839161,14280921.17
10,41,10875.343566433565,1555174.13
10,42,11608.84951048951,1660065.48
10,44,8878.497692307692,1269625.17
10,45,33.19303797468354,2622.25
10,46,54965.004685314685,7859995.67
10,47,-64.69444444444444,-2329.0
10,48,2175.0013986013987,311025.2
10,49,19815.52237762238,2833619.7
10,50,4257.66027972028,608845.42
10,51,35.02846153846154,455.37
10,52,5158.843356643357,737714.6
10,54,217.28359712230215,30202.42
10,55,20608.687972027972,2947042.38
10,56,1265.8483916083917,181016.32
10,58,4554.738321678321,651327.58
10,59,2006.511118881119,286931.09
10,60,505.59999999999997,71795.2
10,67,13352.773566433567,1909446.62
10,71,15768.505524475524,2254896.29
10,72,142733.75216783216,20410926.56
10,74,41975.974825174824,6002564.4
10,77,1590.0,1590.0
10,78,6.0,48.0
10,79,37787.772097902096,5403651.41
10,80,355.171958041958,50789.59
10,81,10607.048111888113,1516807.8800000001
10,82,23516.40797202797,3362846.34
10,83,279.449020979021,39961.21
10,85,2933.4715384615383,419486.43
10,87,24066.091538461536,3441451.09
10,90,14291.86979020979,2043737.38
10,91,12703.554405594406,1816608.28
10,92,50450.73195804196,7214454.67
10,93,1420.4184615384615,203119.84
10,94,393.8331683168317,39777.15
10,95,73344.65468531469,10488285.62
10,96,11079.676643356643,1584393.76
10,97,5323.506503496504,761261.43
10,98,198.17909090909092,21799.7
11,1,18860.911958041957,2697110.41
11,2,57114.326223776225,8167348.65
11,3,17628.778671328673,2520915.35
11,4,28837.74454545455,4123797.47
11,5,36663.363916083916,5242861.04
11,6,5925.281678321679,847315.28
11,7,34844.10846153846,4982707.51
11,8,34415.44958041958,4921409.29
11,9,19056.162167832168,2725031.19
11,10,23449.992727272725,3353348.96
11,11,18045.04020979021,2580440.75
11,12,4293.703496503496,613999.6
11,13,41228.14615384616,5895624.9
11,14,24644.51307692308,3524165.37
11,16,15371.136433566431,2198072.51
11,17,13373.138321678322,1912358.78
11,18,11033.074285714287,1390167.36
11,19,1435.5870731707316,117718.14
11,20,9634.961958041958,1377799.56
11,21,7571.596573426574,1082738.31
11,22,15500.204265734266,2216529.21
11,23,34322.4834965035,4908115.14
11,24,8592.320839160839,1228701.88
11,25,11419.655384615384,1633010.72
11,26,11332.874685314686,1620601.08
11,27,2203.137482517482,315048.66
11,28,912.481958041958,130484.92
11,29,9225.784755244755,1319287.22
11,30,6765.267762237762,967433.29
11,31,2947.0454545454545,421427.5
11,32,10765.95909090909,1539532.15
11,33,8348.490559440559,1193834.15
11,34,22379.14020979021,3200217.05
11,35,4222.688881118881,603844.51
11,36,2976.055244755245,425575.9
11,37,3933.2597902097905,562456.15
11,38,73555.42538461539,10518425.83
11,40,53640.645104895106,7670612.25
11,41,1295.7497202797201,185292.21
11,42,6152.948111888111,879871.58
11,44,5414.242097902098,774236.62
11,45,17.969577464788735,1275.8400000000001
11,46,27483.85986013986,3930191.96
11,47,0.92,23.0
11,48,7.5,30.0
11,49,8122.6477622377615,1161538.63
11,50,19.75,79.0
11,51,14.503333333333334,435.1
11,52,2558.425804195804,365854.89
11,54,243.77647482014387,33884.93
11,55,12609.361258741259,1803138.66
11,56,3346.9165734265734,478609.07
11,58,3298.4962937062937,471684.97
11,59,1057.4063636363635,151209.11
11,60,187.70714285714286,15767.4
11,67,10119.990979020979,1447158.71
11,71,9661.256013986014,1381559.61
11,72,72246.88888111888,10331305.11
11,74,23297.207762237762,3331500.71
11,77,339.424,1697.12
11,78,10.833333333333334,65.0
11,79,31344.327972027975,4482238.9
11,80,13446.621538461537,1922866.88
11,81,12944.031468531468,1850996.5
11,82,22978.825454545455,3285972.04
11,83,3327.5896503496506,475845.32
11,85,1925.0432167832166,275281.18
11,87,14801.95202797203,2116679.14
11,90,48995.984195804194,7006425.74
11,91,42030.3706993007,6010343.01
11,92,77392.74160839162,11067162.05
11,93,32623.853706293707,4665211.08
11,94,37474.038531468526,5358787.51
11,95,77487.2790909091,11080680.91
11,96,21685.29881118881,3100997.73
11,97,16596.197552447553,2373256.25
11,98,9570.35146853147,1368560.26
11,99,520.938125,25005.03
12,1,17330.08762237762,2478202.53
12,2,74494.84622377623,10652763.01
12,3,17535.25167832168,2507540.99
12,4,26673.78818181818,3814351.71
12,5,27756.204615384617,3969137.2600000002
12,6,6741.174895104895,963988.01
12,7,34242.44916083916,4896670.23
12,8,42229.66503496503,6038842.1
12,9,19553.03048951049,2796083.36
12,10,17975.211118881118,2570455.19
12,11,17789.77699300699,2543938.11
12,12,4878.27965034965,697593.99
12,13,46974.984965034964,6717422.85
12,14,19719.23965034965,2819851.27
12,16,7579.577552447553,1083879.59
12,17,11666.80916083916,1668353.71
12,18,9893.141315789475,1127818.11
12,19,2949.156083916084,421729.32
12,20,6558.721328671329,937897.15
12,21,4225.581188811188,604258.11
12,22,10085.826153846154,1442273.14
12,23,38809.980769230766,5549827.25
12,24,11182.713076923077,1599127.97
12,25,20129.94979020979,2878582.82
12,26,13748.23,1965996.89
12,27,2017.1763636363635,288456.22
12,28,880.1588811188811,125862.72
12,29,6973.458391608392,997204.55
12,30,5950.70013986014,850950.12
12,31,3510.6525874125873,502023.32
12,32,9506.941888111887,1359492.69
12,33,10888.284195804195,1557024.64
12,34,23284.51090909091,3329685.06
12,35,2952.662307692308,422230.71
12,36,2468.5036363636364,352996.02
12,38,51935.88314685315,7426831.29
12,40,48414.82167832168,6923319.5
12,41,770.4512587412587,110174.53
12,42,5995.964685314685,857422.95
12,44,6753.6625874125875,965773.75
12,45,27.718170731707314,2272.89
12,46,32805.734195804194,4691219.99
12,47,-43.89909090909091,-965.78
12,49,26.183157894736844,1492.44
12,51,13.154,131.54
12,52,3806.9972027972026,544400.6
12,54,129.7179411764706,17641.64
12,55,14179.372727272728,2027650.3
12,56,1000.4153146853146,143059.38999999998
12,58,2580.6601459854014,353550.44
12,59,1250.0244755244755,178753.5
12,60,419.50209790209794,59988.8
12,67,6223.47020979021,889956.24
12,71,7628.997132867134,1090946.59
12,72,60536.22223776223,8656679.78
12,74,17777.107482517484,2542126.37
12,77,217.88,1307.28
12,78,8.090909090909092,89.0
12,79,43270.33762237762,6187658.28
12,80,56.4754609929078,7963.04
12,81,7305.6124475524475,1044702.58
12,82,15254.526993006992,2181397.36
12,83,208.08601398601397,29756.3
12,85,2284.13979020979,326631.99
12,87,11452.455664335665,1637701.16
12,90,11060.175454545455,1581605.09
12,91,6779.841468531468,969517.33
12,92,24682.599160839163,3529611.68
12,93,562.8972027972028,80494.3
12,94,355.264,37302.72
12,95,43405.85335664336,6207037.03
12,96,6.4411764705882355,109.5
12,97,2394.8947552447553,342469.95
12,98,747.6098601398602,106908.21
12,99,29.88,29.88
13,1,47020.45545454545,6723925.13
13,2,76339.95999999999,10916614.28
13,3,26116.623706293707,3734677.19
13,4,42563.27545454545,6086548.39
13,5,56786.93475524476,8120531.67
13,6,7886.826993006993,1127816.26
13,7,59896.738601398596,8565233.62
13,8,36238.867972027976,5182158.12
13,9,41236.445174825174,5896811.66
13,10,29431.879230769235,4208758.73
13,11,21280.78979020979,3043152.94
13,12,7926.647482517483,1133510.59
13,13,47698.818181818184,6820931.0
13,14,26378.644195804198,3772146.12
13,16,22255.4820979021,3182533.94
13,17,17713.297902097904,2533001.6
13,18,17013.65641025641,1990597.8
13,19,3979.954055944056,569133.43
13,20,8781.979230769231,1255823.03
13,21,9117.091258741259,1303744.05
13,22,16476.987692307695,2356209.24
13,23,30216.25874125874,4320925.0
13,24,10426.793076923077,1491031.41
13,25,15181.84013986014,2171003.14
13,26,12958.888391608392,1853121.04
13,27,2685.00013986014,383955.02
13,28,1410.3867132867133,201685.3
13,29,6152.025944055944,879739.71
13,30,4520.36055944056,646411.56
13,31,3977.7390909090905,568816.69
13,32,10234.196643356643,1463490.1199999999
13,33,10897.80006993007,1558385.41
13,34,19201.303636363635,2745786.42
13,35,3660.573986013986,523462.08
13,36,2464.866713286713,352475.94
13,37,3510.937272727273,502064.03
13,38,83485.8958041958,11938483.1
13,40,77752.30671328671,11118579.86
13,41,2757.62958041958,394341.02999999997
13,42,8015.876363636364,1146270.32
13,43,1.07,1.07
13,44,10270.138111888113,1468629.75
13,45,22.433516483516485,2041.45
13,46,41422.69055944056,5923444.75
13,47,221.294,2212.94
13,48,1321.4335251798561,183679.26
13,49,9206.92944055944,1316590.91
13,50,2175.7954545454545,311138.75
13,51,21.39894736842105,1219.74
13,52,4579.38027972028,654851.38
13,54,114.98285714285714,16097.6
13,55,20055.629999999997,2867955.09
13,56,6751.401468531469,965450.41
13,58,7501.69125874126,1072741.85
13,59,1327.8363636363638,189880.6
13,60,950.9734265734267,135989.2
13,67,16219.265594405595,2319354.98
13,71,9723.25020979021,1390424.78
13,72,77119.18944055944,11028044.09
13,74,29780.093496503498,4258553.37
13,77,1272.0,1272.0
13,78,11.35,90.8
13,79,53337.985174825175,7627331.88
13,80,18874.443636363638,2699045.44
13,81,33276.243216783216,4758502.78
13,82,32619.534055944056,4664593.37
13,83,5037.178251748252,720316.49
13,85,4806.598951048951,687343.65
13,87,15365.753356643356,2197302.73
13,90,115592.10804195804,16529671.45
13,91,81272.99097902098,11622037.709999999
13,92,162034.0993006993,23170876.2
13,93,50024.9372027972,7153566.02
13,94,75522.8744055944,10799771.04
13,95,136844.83405594405,19568811.27
13,96,9165.07993006993,1310606.43
13,97,27556.75923076923,3940616.57
13,98,14980.825384615384,2142258.03
13,99,732.6046511627907,31502.0
14,1,30611.78335664336,4377485.0200000005
14,2,77704.85797202797,11111794.69
14,3,19418.273986013988,2776813.18
14,4,52936.32328671329,7569894.23
14,5,33468.32503496503,4785970.4799999995
14,6,7016.82979020979,1003406.66
14,7,53256.150279720285,7615629.49
14,8,53425.35986013986,7639826.46
14,9,22025.603496503496,3149661.3
14,10,20165.667132867133,2883690.4
14,11,20359.693076923075,2911436.11
14,12,5467.9193006993,781912.46
14,13,60009.83370629371,8581406.22
14,14,24775.07797202797,3542836.15
14,16,29647.14013986014,4239541.04
14,17,23075.393916083918,3299781.33
14,18,14279.86368852459,1742143.37
14,19,1041.9577622377622,148999.96
14,20,11375.547132867132,1626703.24
14,21,8697.367412587413,1243723.54
14,22,18677.51307692308,2670884.37
14,23,35968.2506993007,5143459.85
14,24,9186.777342657342,1313709.16
14,25,14231.12853146853,2035051.38
14,26,12048.150699300699,1722885.55
14,27,2564.0113286713286,366653.62
14,28,1223.8126573426573,175005.21
14,29,9880.402307692308,1412897.53
14,30,6691.436433566434,956875.41
14,31,3804.0863636363633,543984.35
14,32,12817.232867132867,1832864.3
14,33,9513.732027972028,1360463.68
14,34,24504.491538461538,3504142.29
14,35,4034.9920279720277,577003.86
14,36,3415.6436363636362,488437.04
14,38,103360.02734265734,14780483.91
14,40,72356.46104895105,10346973.93
14,41,4054.56986013986,579803.49
14,42,7869.01034965035,1125268.48
14,43,0.25,0.25
14,44,5377.1242657342655,768928.77
14,45,11.741176470588234,199.6
14,46,32701.435594405593,4676305.29
14,47,-7.777916666666666,-186.67
14,49,11864.542657342658,1696629.6
14,50,2186.9216783216784,312729.8
14,51,34.00833333333333,3264.8
14,52,2370.137202797203,338929.62
14,54,148.6854887218045,19775.17
14,55,15850.217832167831,2266581.15
14,56,5950.53993006993,850927.21
14,58,8157.243916083915,1166485.88
14,59,1368.092867132867,195637.28
14,60,371.4053146853147,53110.96
14,67,14631.92013986014,2092364.58
14,71,9795.648461538462,1400777.73
14,72,94140.83286713286,13462139.1
14,74,25990.076923076922,3716581.0
14,77,248.25,993.0
14,78,5.98,35.88
14,79,37782.09083916084,5402838.99
14,80,35638.00020979021,5096234.03
14,81,40388.74888111888,5775591.09
14,82,26844.946503496503,3838827.35
14,83,10933.487902097902,1563488.77
14,85,2385.044335664336,341061.34
14,87,17387.930699300698,2486474.09
14,90,107174.74398601399,15325988.39
14,91,91406.43461538461,13071120.15
14,92,182527.95601398603,26101497.71
14,93,62088.62293706294,8878673.08
14,94,64541.16566433566,9229386.69
14,95,144446.93251748252,20655911.35
14,96,5.193846153846153,67.52
14,97,25684.497762237763,3672883.18
14,98,17768.013706293706,2540825.96
14,99,635.5560465116279,27328.91
15,1,13845.747832167832,1979941.94
15,2,26317.41076923077,3763389.74
15,3,10470.811958041959,1497326.11
15,4,13082.172447552446,1870750.66
15,5,16465.706993006992,2354596.1
15,6,4244.143776223776,606912.5599999999
15,7,22267.22006993007,3184212.47
15,8,20416.96727272727,2919626.32
15,9,15954.692937062937,2281521.09
15,10,11524.856293706292,1648054.45
15,11,14041.217832167831,2007894.15
15,12,3658.448111888112,523158.08
15,13,18879.25034965035,2699732.8
15,14,12785.902867132867,1828384.11
15,16,14527.97944055944,2077501.06
15,17,11225.805174825175,1605290.14
15,18,6269.619545454546,689658.15
15,19,1117.3504895104895,159781.12
15,20,4452.4345454545455,636698.14
15,21,3068.5462937062935,438802.12
15,22,8515.664685314685,1217740.05
15,23,21542.936363636363,3080639.9
15,24,4822.264615384615,689583.84
15,25,8952.884335664336,1280262.46
15,26,4955.726223776223,708668.85
15,27,1561.3046153846153,223266.56
15,28,695.4651048951049,99451.51
15,29,4687.4109790209795,670299.77
15,30,3397.482097902098,485839.94
15,31,2359.40993006993,337395.62
15,32,5126.108951048951,733033.58
15,33,4277.763986013986,611720.25
15,34,13800.84909090909,1973521.42
15,35,2622.7695804195805,375056.05
15,36,1383.587902097902,197853.07
15,37,-2.5,-2.5
15,38,52572.17944055944,7517821.66
15,40,30755.28769230769,4398006.14
15,41,1183.8807692307694,169294.95
15,42,3544.9918181818184,506933.83
15,43,3.0,6.0
15,44,3378.7346853146855,483159.06
15,45,11.861600000000001,296.54
15,46,12364.400699300699,1768109.3
15,47,22.9,343.5
15,48,126.98,253.96
15,49,9656.48013986014,1380876.66
15,50,2262.1727972027975,323490.71
15,51,10.023928571428572,280.67
15,52,1561.243076923077,223257.76
15,54,53.92260869565218,6201.1
15,55,6675.751468531468,954632.46
15,56,3684.0358041958043,526817.12
15,58,865.858407079646,97842.0
15,59,332.59615384615387,47561.25
15,60,111.42626262626263,11031.2
15,67,6214.881468531469,888728.05
15,71,4327.138811188811,618780.85
15,72,41946.93692307692,5998411.9799999995
15,74,13953.432937062937,1995340.91
15,77,236.10833333333335,1416.65
15,78,3.090909090909091,34.0
15,79,8385.031258741259,1199059.47
15,80,44.16179856115108,6138.49
15,81,4409.563426573426,630567.57
15,82,10606.899230769232,1516786.59
15,83,360.1630769230769,51503.32
15,85,3235.168181818182,462629.05
15,87,9142.630419580419,1307396.15
15,90,5345.240419580419,764369.38
15,91,3414.740909090909,488307.95
15,92,18262.376853146856,2611519.89
15,93,422.8782517482517,60471.59
15,94,272.90625,26199.0
15,95,27291.017132867135,3902615.45
15,96,2784.158881118881,398134.72
15,97,2071.211888111888,296183.3
15,98,273.5048837209302,35282.13
15,99,29.88,29.88
16,1,11352.479370629371,1623404.55
16,2,23549.144965034964,3367527.73
16,3,7635.427272727274,1091866.1
16,4,14748.078111888111,2108975.17
16,5,13494.538671328672,1929719.03
16,6,5146.03895104895,735883.57
16,7,11544.310139860141,1650836.35
16,8,14676.778321678321,2098779.3
16,9,28990.377342657343,4145623.96
16,10,12681.776643356643,1813494.06
16,11,12037.149090909092,1721312.32
16,12,4149.637972027972,593398.23
16,13,15070.387272727272,2155065.38
16,14,8656.873216783217,1237932.87
16,16,9811.74195804196,1403079.1
16,17,7202.8306993007,1030004.79
16,18,3521.8804123711343,341622.4
16,19,994.9262237762239,142274.45
16,20,3328.785104895105,476016.27
16,21,3618.622377622378,517463.0
16,22,6302.361048951049,901237.63
16,23,11264.88937062937,1610879.18
16,24,2244.0655944055943,320901.38
16,25,4963.603776223776,709795.34
16,26,2004.945104895105,286707.15
16,27,758.2281118881118,108426.62
16,28,287.46657342657346,41107.72
16,29,1634.6602797202797,233756.42
16,30,1330.0030769230768,190190.44
16,31,1164.3668531468531,166504.46
16,32,4561.4392307692315,652285.81
16,33,2188.83986013986,313004.1
16,34,4906.217692307692,701589.13
16,35,593.8198601398602,84916.24
16,36,1824.4811188811188,260900.8
16,38,52078.70090909091,7447254.23
16,40,31687.43265734266,4531302.87
16,41,1542.9869230769232,220647.13
16,42,3694.4544055944057,528306.98
16,44,3922.6970629370635,560945.68
16,45,18.17727272727273,1199.7
16,46,14231.886293706293,2035159.74
16,47,-57.72666666666666,-1039.08
16,48,647.275,25891.0
16,49,54.71966666666666,3283.18
16,51,34.23282051282051,2670.16
16,52,1644.2844055944056,235132.67
16,54,69.33504132231405,8389.54
16,55,7090.456153846154,1013935.23
16,56,6037.615422535211,857341.39
16,58,638.6818181818181,14051.0
16,59,104.5480341880342,12232.12
16,60,114.59055555555557,12375.78
16,67,3431.07006993007,490643.02
16,71,2223.935944055944,318022.84
16,72,31998.78454545455,4575826.19
16,74,9806.358601398602,1402309.28
16,77,238.5,477.0
16,78,0.0,0.0
16,79,5529.899790209791,790775.67
16,80,309.7843846153846,40271.97
16,81,3822.6206293706296,546634.75
16,82,9439.101328671328,1349791.49
16,83,258.7421052631579,14748.3
16,85,2679.624895104895,383186.36
16,87,9171.064545454545,1311462.23
16,90,6922.744685314685,989952.49
16,91,3331.204965034965,476362.31
16,92,20446.967832167833,2923916.4
16,93,997.0322807017543,56830.84
16,94,673.2809278350516,65308.25
16,95,27385.76923076923,3916165.0
16,96,126.93412587412588,18151.58
16,97,2116.6969930069927,302687.67
16,98,42.61857142857143,3281.63
16,99,59.76,59.76
17,1,22801.60916083916,3260630.11
17,2,42231.844405594406,6039153.75
17,3,19278.955034965034,2756890.57
17,4,23961.357272727273,3426474.09
17,5,27082.325594405596,3872772.56
17,6,5944.435244755245,850054.24
17,7,19474.77055944056,2784892.19
17,8,20110.27083916084,2875768.73
17,9,27293.658041958042,3902993.1
17,10,14165.0,2025595.0
17,11,14527.29048951049,2077402.54
17,12,7534.953916083916,1077498.41
17,13,24648.89643356643,3524792.19
17,14,14118.147412587414,2018895.08
17,16,11246.852657342657,1608299.93
17,17,10386.823006993007,1485315.69
17,18,8111.5075,746258.69
17,19,4495.581048951049,642868.09
17,20,4475.987482517482,640066.21
17,21,4130.295524475525,590632.26
17,22,7668.8867132867135,1096650.8
17,23,13680.794055944056,1956353.55
17,24,4975.966223776224,711563.17
17,25,5370.106293706293,767925.2
17,26,7752.311748251749,1108580.58
17,27,1373.4304195804195,196400.55
17,28,1290.9355944055944,184603.79
17,29,2649.323146853147,378853.21
17,30,2276.462097902098,325534.08
17,31,1923.034265734266,274993.9
17,32,5776.951958041958,826104.13
17,33,5108.334125874126,730491.78
17,34,9295.045174825174,1329191.46
17,35,1541.4223776223776,220423.4
17,36,1878.117902097902,268570.86
17,38,77339.77643356643,11059588.03
17,40,47372.023006993004,6774199.29
17,41,30.56984251968504,3882.37
17,42,3974.562377622378,568362.42
17,44,7535.0325874125865,1077509.66
17,45,21.294095238095238,2235.88
17,46,26006.988601398603,3718999.37
17,47,15.608571428571427,109.25999999999999
17,48,1294.4752482269505,182521.01
17,49,38.22345679012346,3096.1
17,51,18.565,779.73
17,52,3552.823216783217,508053.72000000003
17,54,66.39932330827068,8831.11
17,55,10572.84951048951,1511917.48
17,56,4245.378671328672,607089.15
17,58,1486.4786428571429,208107.01
17,59,638.8553846153847,91356.32
17,60,371.3076923076923,53097.0
17,67,7757.146223776223,1109271.91
17,71,3465.274965034965,495534.32
17,72,52591.132027972024,7520531.88
17,74,15300.776993006992,2188011.11
17,77,238.5,954.0
17,78,2.6057142857142854,18.24
17,79,27208.437622377623,3890806.58
17,80,798.6767132867133,114210.77
17,81,12839.772867132868,1836087.52
17,82,17173.994685314687,2455881.24
17,83,498.3997902097902,71271.17
17,85,4209.212237762237,601917.35
17,87,12189.03797202797,1743032.43
17,90,31293.306223776224,4474942.79
17,91,12033.678951048953,1720816.09
17,92,53043.34874125874,7585198.87
17,93,3646.955664335664,521514.66
17,94,855.7822727272727,75308.84
17,95,50614.95846153846,7237939.06
17,96,819.4164583333333,39331.99
17,97,7798.283426573426,1115154.53
17,98,169.37912,21172.39
17,99,2.29,2.29
18,1,21988.356223776223,3144334.94
18,2,63665.139510489505,9104114.95
18,3,16392.98048951049,2344196.21
18,4,26775.207202797203,3828854.63
18,5,22933.954965034965,3279555.56
18,6,5664.913076923077,810082.57
18,7,33152.3472027972,4740785.65
18,8,32036.5820979021,4581231.24
18,9,18589.37125874126,2658280.09
18,10,16754.599860139857,2395907.78
18,11,21485.875734265734,3072480.23
18,12,3865.5369230769234,552771.78
18,13,42342.91391608392,6055036.69
18,14,21977.35251748252,3142761.41
18,16,16067.656223776223,2297674.84
18,17,15289.54188811189,2186404.49
18,18,9246.560317460318,1165066.6
18,19,2783.2783916083918,398008.81
18,20,8409.801958041957,1202601.68
18,21,5059.748251748252,723544.0
18,22,15759.97895104895,2253676.9899999998
18,23,36048.42272727273,5154924.45
18,24,8890.141748251748,1271290.27
18,25,16470.19223776224,2355237.49
18,26,10527.132447552447,1505379.94
18,27,2741.878811188811,392088.67
18,28,1241.9954545454545,177605.35
18,29,10271.007622377623,1468754.09
18,30,6178.887762237762,883580.95
18,31,3424.756293706294,489740.15
18,32,9269.177692307692,1325492.41
18,33,8893.556643356644,1271778.6
18,34,20971.56706293706,2998934.09
18,35,3873.937272727273,553973.03
18,36,2283.0174125874123,326471.49
18,38,65312.47573426573,9339684.03
18,39,28.0,28.0
18,40,61637.689020979014,8814189.53
18,41,706.9873426573427,101099.19
18,42,6802.007902097902,972687.13
18,44,5055.879510489511,722990.77
18,45,21.186571428571426,741.53
18,46,25474.85846153846,3642904.76
18,47,20.176470588235293,343.0
18,48,10.0,10.0
18,49,10765.219650349649,1539426.41
18,50,937.8382352941177,111602.75
18,51,7.2058536585365855,295.44
18,52,2950.3684615384614,421902.69
18,54,144.46068181818183,19068.81
18,55,10265.073006993007,1467905.44
18,56,5011.655244755244,716666.7
18,58,3844.2268531468526,549724.44
18,59,992.127972027972,141874.3
18,60,163.88971962616824,17536.2
18,67,7935.269790209791,1134743.58
18,71,7599.357342657343,1086708.1
18,72,62042.98223776223,8872146.459999999
18,74,22229.816503496502,3178863.76
18,77,421.0,1263.0
18,78,5.1875,83.0
18,79,22571.55223776224,3227731.97
18,80,373.29,46287.96
18,81,12115.718601398601,1732547.76
18,82,15535.521398601399,2221579.56
18,83,1404.9475555555557,189667.92
18,85,1749.7123076923076,250208.86
18,87,18423.94986013986,2634624.83
18,90,18481.394265734263,2642839.38
18,91,14124.482517482518,2019801.0
18,92,50079.623636363634,7161386.18
18,93,2113.3001470588238,287408.82
18,94,4880.242248062015,629551.25
18,95,57668.25174825175,8246560.0
18,96,0.4813333333333334,14.440000000000001
18,97,5350.500431654676,743719.5599999999
18,98,881.1508527131783,113668.46
18,99,12.559999999999999,25.119999999999997
19,1,21504.02916083916,3075076.17
19,2,50841.072937062934,7270273.43
19,3,18414.224475524476,2633234.1
19,4,31365.545314685318,4485272.98
19,5,28759.223846153844,4112569.01
19,6,5948.962867132866,850701.69
19,7,33882.926853146855,4845258.54
19,8,42613.66293706294,6093753.8
19,9,30645.018111888112,4382237.59
19,10,27622.457762237762,3950011.46
19,11,21997.256503496505,3145607.68
19,12,6403.788601398602,915741.77
19,13,33957.896223776224,4855979.16
19,14,18478.815734265732,2642470.65
19,16,28023.60006993007,4007374.81
19,17,17137.07909090909,2450602.31
19,18,10440.354181818182,1148438.96
19,19,-5.21923076923077,-67.85000000000001
19,20,6727.757272727273,962069.29
19,21,7112.320489510489,1017061.83
19,22,12343.916083916083,1765180.0
19,23,28089.81909090909,4016844.13
19,24,5768.380979020979,824878.48
19,25,12986.697412587413,1857097.73
19,26,7878.555944055944,1126633.5
19,27,2385.669020979021,341150.67
19,28,876.8764335664335,125393.33
19,29,5822.995244755244,832688.32
19,30,4690.908321678322,670799.89
19,31,3067.292937062937,438622.89
19,32,7693.104755244755,1100113.98
19,33,6206.423006993007,887518.49
19,34,17472.37132867133,2498549.1
19,35,3434.005734265734,491062.82
19,36,1972.846853146853,282117.1
19,37,2733.6717482517483,390915.06
19,38,78019.81517482518,11156833.57
19,39,15.23111111111111,137.07999999999998
19,40,54198.52713286713,7750389.38
19,41,2876.3994405594403,411325.12
19,42,6430.056713286714,919498.11
19,44,5562.715664335664,795468.34
19,45,12.22888888888889,330.18
19,46,20351.556643356646,2910272.6
19,47,23.70958333333333,569.03
19,48,249.288,2492.88
19,49,5436.057412587413,777356.21
19,50,941.968085106383,132817.5
19,51,30.204545454545453,1329.0
19,52,1653.0834965034965,236390.94
19,54,91.63580152671756,12004.29
19,55,13923.06153846154,1990997.8
19,56,5716.974475524476,817527.35
19,58,3062.104895104895,437881.0
19,59,715.4495804195803,102309.29
19,60,532.9888111888112,76217.4
19,67,13792.077062937064,1972267.02
19,71,6318.644055944056,903566.1
19,72,72434.48636363637,10358131.55
19,74,18657.597832167834,2668036.49
19,77,548.75,2195.0
19,78,15.624615384615385,203.12
19,79,21683.665594405596,3100764.18
19,80,21870.02727272727,3127413.9
19,81,21678.774825174823,3100064.8
19,82,22816.835034965035,3262807.41
19,83,4239.971818181818,606315.97
19,85,4915.79993006993,702959.39
19,87,16986.922657342657,2429129.94
19,90,67545.40643356643,9658993.12
19,91,54692.79741258742,7821070.03
19,92,113720.21293706293,16261990.45
19,93,37087.93706293706,5303575.0
19,94,37643.786433566434,5383061.46
19,95,97240.50356643356,13905392.01
19,96,15860.814825174826,2268096.52
19,97,20370.26972027972,2912948.57
19,98,12884.229090909092,1842444.76
19,99,440.3748780487805,18055.37
20,1,40545.47321678322,5798002.67
20,2,78251.24993006993,11189928.74
20,3,15490.97125874126,2215208.89
20,4,51456.37664335665,7358261.86
20,5,41647.7865034965,5955633.47
20,6,8210.745734265734,1174136.64
20,7,49394.699230769234,7063441.99
20,8,76445.06125874126,10931643.76
20,9,38243.62391608392,5468838.22
20,10,41826.46755244755,5981184.86
20,11,25925.433916083915,3707337.05
20,12,7786.979860139861,1113538.12
20,13,56580.50426573427,8091012.11
20,14,24275.736573426573,3471430.33
20,16,27048.00888111888,3867865.27
20,17,18464.403846153848,2640409.75
20,18,13170.096,1646262.0
20,19,162.1589285714286,13621.35
20,20,6992.899720279721,999984.66
20,21,13457.564895104895,1924431.78
20,22,13931.855174825176,1992255.29
20,23,37655.15832167832,5384687.64
20,24,8309.914825174825,1188317.82
20,25,17515.605384615385,2504731.57
20,26,12804.132587412587,1830990.96
20,27,2710.69006993007,387628.68
20,28,954.6915384615386,136520.89
20,29,8946.72076923077,1279381.07
20,30,6298.868321678322,900738.17
20,31,3840.956153846154,549256.73
20,32,13728.18034965035,1963129.79
20,33,9485.906363636364,1356484.61
20,34,22106.9865034965,3161299.07
20,35,5834.6069230769235,834348.79
20,36,3393.5525174825175,485278.01
20,37,4006.388111888112,572913.5
20,38,110205.2162937063,15759345.93
20,40,86518.83748251748,12372193.76
20,41,6177.195384615384,883338.94
20,42,8970.767272727273,1282819.72
20,44,8003.207552447552,1144458.68
20,45,16.24829268292683,666.1800000000001
20,46,33583.8986013986,4802497.5
20,47,-12.619333333333334,-378.58
20,48,1496.297769230769,194518.71
20,49,21402.477272727272,3060554.25
20,50,3301.2402097902095,472077.35
20,51,14.652727272727274,161.18
20,52,3264.065104895105,466761.31
20,54,221.91347517730495,31289.8
20,55,19815.983146853145,2833685.59
20,56,5396.582097902098,771711.24
20,58,4185.081619718309,594281.59
20,59,1681.0553846153846,240390.91999999998
20,60,586.6734265734266,83894.3
20,67,17437.547622377624,2493569.31
20,71,8415.035384615385,1203350.06
20,72,91989.86321678321,13154550.44
20,74,22289.12307692308,3187344.6
20,77,350.0822222222222,3150.74
20,78,9.666666666666666,29.0
20,79,38597.25923076923,5519408.07
20,80,39870.76741258741,5701519.74
20,81,32958.593006993004,4713078.8
20,82,30421.473846153844,4350270.76
20,83,5624.9494405594405,804367.77
20,85,4993.7762937062935,714110.01
20,87,44301.724265734265,6335146.57
20,90,95858.58734265734,13707777.99
20,91,78493.19013986013,11224526.19
20,92,164633.74153846153,23542625.04
20,93,52818.583706293706,7553057.47
20,94,63148.33496503497,9030211.9
20,95,150613.9553846154,21537795.62
20,96,15.266874999999999,244.26999999999998
20,97,25836.06223776224,3694556.9
20,98,19284.377342657343,2757665.96
20,99,796.1538636363638,35030.770000000004
21,1,14950.049230769231,2137857.04
21,2,47780.599160839156,6832625.68
21,3,14607.126923076923,2088819.15
21,4,19354.728041958042,2767726.11
21,5,16090.874545454546,2300995.06
21,6,3988.6562937062936,570377.85
21,7,24456.82566433566,3497326.07
21,8,18238.05979020979,2608042.55
21,9,16387.963636363635,2343478.8
21,10,14695.978881118881,2101524.98
21,11,13006.376783216783,1859911.8800000001
21,12,2793.614125874126,399486.82
21,13,28373.730909090908,4057443.52
21,14,15897.316083916085,2273316.2
21,16,6308.213146853147,902074.48
21,17,7181.9376923076925,1027017.09
21,18,7233.38048076923,752271.57
21,19,2032.323986013986,290622.33
21,20,5405.155244755244,772937.2
21,21,3153.5005594405598,450950.58
21,22,8436.536923076923,1206424.78
21,23,36872.78671328671,5272808.5
21,24,8738.996643356644,1249676.52
21,25,18281.0193006993,2614185.76
21,26,10623.598811188811,1519174.63
21,27,1647.096923076923,235534.86
21,28,731.4383916083916,104595.69
21,29,5102.697692307693,729685.77
21,30,4638.772587412587,663344.48
21,31,3884.023076923077,555415.3
21,32,7116.295244755244,1017630.22
21,33,8190.0560139860145,1171178.01
21,34,19044.877902097902,2723417.54
21,35,2690.18951048951,384697.1
21,36,2079.5408391608394,297374.34
21,38,40298.334055944055,5762661.77
21,40,39586.80993006993,5660913.82
21,41,2570.5965734265733,367595.31
21,42,4886.625524475524,698787.45
21,44,4255.040699300699,608470.82
21,45,11.968,179.52
21,46,19187.062937062936,2743750.0
21,47,22.472105263157896,426.97
21,48,0.0,0.0
21,49,10646.975664335665,1522517.52
21,50,10.0,10.0
21,51,2.02,20.2
21,52,2755.241608391608,393999.55
21,54,127.31985507246377,17570.14
21,55,8286.281398601399,1184938.24
21,56,1511.944895104895,216208.12
21,58,1319.0004918032787,160918.06
21,59,703.785944055944,100641.39
21,60,205.7699248120301,27367.4
21,67,5126.37083916084,733071.03
21,71,5845.902027972028,835963.99
21,72,42966.006223776225,6144138.89
21,74,11570.641048951049,1654601.67
21,77,326.0,652.0
21,78,12.0,48.0
21,79,22626.552727272727,3235597.04
21,80,33.69223529411765,2863.84
21,81,5249.491608391609,750677.3
21,82,15120.754615384616,2162267.91
21,83,200.04223776223776,28606.04
21,85,1441.9146153846154,206193.79
21,87,7308.057692307692,1045052.25
21,90,10983.598741258742,1570654.62
21,91,6735.454125874126,963169.94
21,92,21915.114965034965,3133861.44
21,93,663.3841258741259,94863.93
21,94,537.6633333333334,54841.66
21,95,40379.29517482517,5774239.21
21,96,2.0,2.0
21,97,3260.404685314685,466237.87
21,98,111.68067226890756,13290.0
21,99,29.88,59.76
22,1,21493.27111888112,3073537.77
22,2,53361.85188811189,7630744.82
22,3,13150.979510489511,1880590.07
22,4,32104.132377622376,4590890.93
22,5,23187.335104895104,3315788.92
22,6,5236.811328671329,748864.02
22,7,29068.621608391608,4156812.89
22,8,37236.34769230769,5324797.72
22,9,23452.90888111888,3353765.97
22,10,19438.354265734266,2779684.66
22,11,14951.826783216784,2138111.23
22,12,3710.6515384615386,530623.17
22,13,37381.400839160844,5345540.32
22,14,17203.4179020979,2460088.76
22,16,19672.921538461538,2813227.78
22,17,14551.985174825175,2080933.88
22,18,10156.836910569105,1249290.94
22,19,939.8711904761903,78949.18
22,20,6672.666013986014,954191.24
22,21,5386.000839160839,770198.12
22,22,11814.320909090908,1689447.89
22,23,29973.003496503497,4286139.5
22,24,8391.796223776224,1200026.86
22,25,9725.432727272726,1390736.88
22,26,8375.324475524474,1197671.4
22,27,2042.6676223776221,292101.47
22,28,894.0106993006993,127843.53
22,29,7864.64027972028,1124643.56
22,30,4983.480979020979,712637.78
22,31,2947.23055944056,421453.97000000003
22,32,6281.170979020979,898207.45
22,33,7419.50034965035,1060988.55
22,34,21841.058671328672,3123271.39
22,35,4243.829300699301,606867.59
22,36,2380.8366433566434,340459.64
22,38,70038.71790209791,10015536.66
22,40,54340.60573426574,7770706.62
22,41,1299.6132167832168,185844.69
22,42,7634.136363636364,1091681.5
22,44,5073.863356643356,725562.46
22,45,28.77530864197531,2330.8
22,46,22168.48993006993,3170094.06
22,47,19.26,231.12
22,48,3.6544444444444446,32.89
22,49,8.783249999999999,351.33
22,51,33.348846153846154,1734.14
22,52,1626.951048951049,232654.0
22,54,82.5375,11555.25
22,55,10854.880699300698,1552247.94
22,56,4899.722127659575,690860.8200000001
22,58,3042.5840845070425,432046.94
22,59,852.3132167832168,121880.79000000001
22,60,409.99720279720276,58629.6
22,67,12021.64048951049,1719094.59
22,71,5264.14958041958,752773.39
22,72,66645.66902097902,9530330.67
22,74,18629.50986013986,2664019.91
22,77,246.0,1230.0
22,78,8.166666666666666,49.0
22,79,16913.783146853148,2418670.99
22,80,1447.0423076923075,206927.05
22,81,12368.9093006993,1768754.03
22,82,18085.210139860137,2586185.05
22,83,1535.1181818181817,219521.9
22,85,2936.096083916084,419861.74
22,87,14335.824825174825,2050022.95
22,90,21413.41160839161,3062117.86
22,91,21405.25062937063,3060950.84
22,92,51603.339090909096,7379277.49
22,93,2531.6639860139862,362027.95
22,94,857.190894308943,105434.48
22,95,57868.57111888112,8275205.67
22,96,6.243,62.43
22,97,4582.594755244756,655311.05
22,98,177.56057553956833,24680.92
22,99,27.15,27.15
23,1,33186.46055944056,4745663.86
23,2,70522.58013986013,10084728.959999999
23,3,19912.564755244755,2847496.7600000002
23,4,27324.303076923075,3907375.34
23,5,36895.869020979015,5276109.27
23,6,7393.49965034965,1057270.45
23,7,43624.067412587414,6238241.64
23,8,36710.24090909091,5249564.45
23,9,50178.36174825175,7175505.73
23,10,31155.170559440558,4455189.39
23,11,31371.205174825172,4486082.34
23,12,5611.221608391608,802404.69
23,13,37969.25566433566,5429603.56
23,14,33355.68125874126,4769862.42
23,16,23404.8686013986,3346896.21
23,17,27120.621608391608,3878248.89
23,18,11716.354180327868,1429395.21
23,19,1641.9193006993007,234794.46
23,20,11766.417202797202,1682597.66
23,21,9004.245804195803,1287607.15
23,22,22195.44020979021,3173947.95
23,23,47301.983986013984,6764183.71
23,24,10698.334125874126,1529861.78
23,25,16160.491748251747,2310950.32
23,26,12961.146713286713,1853443.98
23,27,3260.9701398601396,466318.73
23,28,1043.9506993006994,149284.95
23,29,11110.54965034965,1588808.6
23,30,8216.539020979022,1174965.08
23,31,4749.54062937063,679184.31
23,32,11303.89048951049,1616456.34
23,33,11289.37888111888,1614381.18
23,34,26048.926433566434,3724996.48
23,35,5237.248391608392,748926.52
23,36,3722.6211188811185,532334.82
23,38,43869.15671328671,6273289.41
23,40,62100.26657342657,8880338.12
23,41,2056.5214685314686,294082.57
23,42,11755.600489510489,1681050.8699999999
23,44,8527.952587412587,1219497.22
23,45,40.03313043478261,4603.81
23,46,36354.623006993,5198711.09
23,47,-45.958333333333336,-551.5
23,48,119.31533333333333,1789.73
23,49,25204.69153846154,3604270.89
23,50,6875.752447552447,983232.6
23,51,33.64857142857143,1648.78
23,52,3080.0113286713286,440441.62
23,54,238.39797202797206,34090.91
23,55,15810.811258741258,2260946.01
23,56,8809.958391608392,1259824.05
23,58,2402.0128776978418,333879.79
23,59,1413.6786713286713,202156.05
23,60,113.02197802197803,10285.0
23,67,14421.243986013986,2062237.89
23,71,12109.695454545454,1731686.45
23,72,76844.02272727272,10988695.25
23,74,37033.35671328671,5295770.01
23,77,498.0,2490.0
23,78,4.777777777777778,43.0
23,79,31002.880349650346,4433411.89
23,80,970.6767424242424,128129.33
23,81,8803.582377622377,1258912.28
23,82,22905.974755244755,3275554.39
23,83,976.5041134751772,137687.08
23,85,5104.391188811189,729927.94
23,87,31811.61237762238,4549060.57
23,90,20814.992167832166,2976543.88
23,91,19604.867692307693,2803496.08
23,92,59604.57461538461,8523454.17
23,93,2111.610780141844,297737.12
23,94,374.8988043478261,34490.69
23,95,54199.08832167832,7750469.63
23,96,13168.146713286713,1883044.98
23,97,6149.684755244755,879404.92
23,98,100.58508333333333,12070.21
23,99,29.88,29.88
24,1,18859.023356643356,2696840.34
24,2,40797.1693006993,5833995.21
24,3,11825.589020979021,1691059.23
24,4,29245.357552447553,4182086.13
24,5,29178.058811188814,4172462.41
24,6,4911.185804195804,702299.57
24,7,28788.32944055944,4116731.11
24,8,49171.84174825175,7031573.37
24,9,23246.74832167832,3324285.01
24,10,27175.08923076923,3886037.76
24,11,17088.58657342657,2443667.88
24,12,4230.501818181819,604961.76
24,13,29558.63825174825,4226885.27
24,14,17265.87181818182,2469019.67
24,16,20444.66818181818,2923587.55
24,17,13903.568811188812,1988210.34
24,18,6965.927480314961,884672.79
24,19,82.64090909090909,11817.65
24,20,5825.841188811189,833095.29
24,21,6153.428251748252,879940.24
24,22,12189.695244755245,1743126.42
24,23,28485.677482517483,4073451.88
24,24,6015.021328671329,860148.05
24,25,11885.935804195804,1699688.82
24,26,8280.752797202797,1184147.65
24,27,1950.7345454545452,278955.04
24,28,679.7056643356643,97197.91
24,29,5705.871748251749,815939.66
24,30,4308.367342657343,616096.53
24,31,2530.608951048951,361877.08
24,32,6998.907342657342,1000843.75
24,33,6394.55,914420.65
24,34,16351.96132867133,2338330.47
24,35,3081.7272727272725,440687.0
24,36,1940.5183916083915,277494.13
24,37,3036.4712587412587,434215.39
24,38,58689.380139860135,8392581.36
24,40,45267.23832167832,6473215.08
24,41,1579.1774825174825,225822.38
24,42,5946.428041958042,850339.21
24,44,4817.372237762238,688884.23
24,45,21.12425925925926,1140.71
24,46,15930.056083916084,2277998.02
24,47,-26.92142857142857,-188.45
24,49,5294.918741258742,757173.38
24,50,1277.1853146853148,182637.5
24,51,8.75095238095238,183.76999999999998
24,52,1501.941958041958,214777.7
24,54,82.28242647058823,11190.41
24,55,15937.714545454546,2279093.18
24,56,4810.956363636364,687966.76
24,58,2454.434347826087,338711.94
24,59,610.2632867132867,87267.65
24,60,102.96576576576577,11429.2
24,67,11250.376783216783,1608803.8800000001
24,71,5011.297482517482,716615.54
24,72,58377.36454545455,8347963.13
24,74,14541.123356643357,2079380.64
24,77,225.83333333333334,1355.0
24,78,3.888888888888889,35.0
24,79,22440.393916083918,3208976.33
24,80,28479.774055944057,4072607.69
24,81,24627.877552447553,3521786.49
24,82,19401.593286713287,2774427.84
24,83,4287.338321678321,613089.38
24,85,1759.8832167832168,251663.3
24,87,25763.40006993007,3684166.21
24,90,72650.44286713286,10389013.33
24,91,52435.49825174825,7498276.25
24,92,121882.07391608391,17429136.57
24,93,37876.83685314685,5416387.67
24,94,51850.04510489511,7414556.45
24,95,93927.9920979021,13431702.87
24,96,13623.074615384616,1948099.67
24,97,18597.824125874125,2659488.85
24,98,9878.97013986014,1412692.73
24,99,413.7742105263158,15723.42
25,1,20145.89748251748,2880863.34
25,2,36871.31055944056,5272597.41
25,3,11788.13097902098,1685702.73
25,4,20351.455454545452,2910258.13
25,5,12422.996433566434,1776488.49
25,6,3760.0450349650355,537686.4400000001
25,7,17971.43958041958,2569915.86
25,8,29858.353636363638,4269744.57
25,9,14636.113636363636,2092964.25
25,10,20202.701468531468,2888986.31
25,11,11245.617272727273,1608123.27
25,12,3191.893706293706,456440.8
25,13,25436.934335664333,3637481.61
25,14,11277.145314685315,1612631.78
25,16,16102.8886013986,2302713.07
25,17,10380.811888111888,1484456.1
25,18,6647.17296,830896.62
25,19,11.605263157894736,220.5
25,20,3904.7179720279723,558374.67
25,21,5208.073776223777,744754.55
25,22,6499.126083916084,929375.03
25,23,16186.003986013984,2314598.57
25,24,3011.05986013986,430581.56
25,25,7118.890769230769,1018001.38
25,26,3887.9504895104897,555976.92
25,27,1207.298041958042,172643.62
25,28,597.4613286713287,85436.97
25,29,3583.101048951049,512383.45
25,30,2329.3204195804196,333092.82
25,31,1655.9171328671328,236796.15
25,32,3963.2409090909086,566743.45
25,33,2926.2163636363634,418448.94
25,34,11331.330979020979,1620380.33
25,35,2277.4833566433567,325680.12
25,36,1319.5865034965034,188700.87
25,37,2981.9911888111887,426424.74
25,38,44627.650279720285,6381753.99
25,40,42220.73426573427,6037565.0
25,41,3302.998111888112,472328.73
25,42,5350.679230769231,765147.13
25,44,3972.5792307692304,568078.83
25,45,17.384482758620692,504.15000000000003
25,46,18687.70825174825,2672342.28
25,47,26.811176470588236,455.79
25,48,-21.759999999999998,-152.32
25,49,11311.776433566434,1617584.03
25,50,2204.3846153846152,315227.0
25,51,6.970769230769231,90.62
25,52,1499.6206293706293,214445.75
25,54,47.662990654205615,5099.9400000000005
25,55,7071.007272727273,1011154.04
25,56,4359.542517482517,623414.58
25,58,709.6521739130435,81610.0
25,59,553.0703496503496,79089.06
25,60,189.77,18977.0
25,67,8719.053636363637,1246824.67
25,71,3184.024895104895,455315.56
25,72,38884.31489510489,5560457.03
25,74,11868.813286713286,1697240.3
25,77,477.0,954.0
25,78,5.5,33.0
25,79,8545.165524475524,1221958.67
25,80,328.2420143884892,45625.64
25,81,8061.9413986014,1152857.62
25,82,10742.568601398601,1536187.31
25,83,290.7848951048951,41582.24
25,85,3403.212797202797,486659.43
25,87,6456.661048951049,923302.53
25,90,11932.596503496503,1706361.3
25,91,7767.272097902097,1110719.91
25,92,38854.4606993007,5556187.88
25,93,777.7474825174825,111217.89
25,94,2607.1097540983606,318067.39
25,95,43991.14769230769,6290734.12
25,96,-1.27,-1.27
25,97,2706.628251748252,387047.84
25,98,665.9197794117647,90565.09
26,1,19402.762937062937,2774595.1
26,2,27398.03097902098,3917918.43
26,3,7357.40076923077,1052108.31
26,4,24498.113846153843,3503230.28
26,5,17589.53258741259,2515303.16
26,6,4656.6704895104895,665903.88
26,7,16287.65853146853,2329135.17
26,8,28694.95090909091,4103377.98
26,9,16556.330769230768,2367555.3
26,10,10172.815734265734,1454712.65
26,11,12809.284615384615,1831727.7
26,12,4525.693636363636,647174.19
26,13,21155.702797202797,3025265.5
26,14,10843.478881118881,1550617.48
26,16,12557.32034965035,1795696.81
26,17,7816.898601398601,1117816.5
26,18,3583.714491525424,422878.31
26,19,1283.2493706293706,183504.66
26,20,3474.472237762238,496849.53
26,21,5651.43958041958,808155.86
26,22,6069.362727272727,867918.87
26,23,13208.49923076923,1888815.39
26,24,2697.7972727272727,385785.01
26,25,6370.333426573427,910957.6799999999
26,26,3502.9066433566436,500915.65
26,27,961.8448951048952,137543.82
26,28,374.1884615384615,53508.95
26,29,3216.4793706293704,459956.55
26,30,2387.515944055944,341414.78
26,31,1269.01993006993,181469.85
26,32,4162.972657342657,595305.09
26,33,3076.4872727272727,439937.68
26,34,7963.855174825175,1138831.29
26,35,1954.9786013986013,279561.94
26,36,1027.9153846153845,146991.9
26,38,103498.2034965035,14800243.1
26,40,37448.6720979021,5355160.11
26,41,1388.5592307692307,198563.97
26,42,2778.0912587412586,397267.05
26,44,3806.1772027972024,544283.34
26,45,28.551304347826086,1970.04
26,46,9771.878461538463,1397378.62
26,47,69.01888888888888,1242.34
26,48,611.3725490196078,31180.0
26,49,3383.052727272727,483776.54
26,50,566.1,5661.0
26,51,24.172121212121215,797.6800000000001
26,52,1697.1446853146854,242691.69
26,54,53.90078125,6899.3
26,55,8998.72979020979,1286818.36
26,56,3909.6988111888118,559086.93
26,59,259.71804195804197,37139.68
26,60,102.24222222222221,9201.8
26,67,6660.914125874126,952510.72
26,71,2831.279510489511,404872.97000000003
26,72,42909.5986013986,6136072.6
26,74,8579.792797202796,1226910.3699999999
26,77,348.75,1395.0
26,78,10.434999999999999,20.869999999999997
26,79,12253.60223776224,1752265.12
26,80,19365.780349650347,2769306.59
26,81,19192.05643356643,2744464.07
26,82,13917.993146853147,1990273.02
26,83,2883.004125874126,412269.59
26,85,1871.3519580419581,267603.33
26,87,19821.437622377623,2834465.58
26,90,57016.58923076923,8153372.26
26,91,39434.281258741255,5639102.22
26,92,84988.31181818181,12153328.59
26,93,25615.33146853147,3662992.4
26,94,42544.202027972024,6083820.89
26,95,70236.82762237762,10043866.35
26,96,18596.331888111887,2659275.46
26,97,14830.084825174825,2120702.13
26,98,8025.948601398601,1147710.65
26,99,221.95027777777779,7990.21
27,1,30437.976223776222,4352630.6
27,2,79001.04916083916,11297150.03
27,3,20226.734615384616,2892423.05
27,4,43596.933916083915,6234361.55
27,5,28059.038251748254,4012442.47
27,6,7730.729090909091,1105494.26
27,7,43272.914965034965,6188026.84
27,8,42181.46958041958,6031950.15
27,9,29315.69713286713,4192144.69
27,10,36757.327412587416,5256297.82
27,11,20785.57909090909,2972337.81
27,12,3911.993986013986,559415.14
27,13,52941.78727272727,7570675.58
27,14,28918.602867132868,4135360.21
27,16,24741.91251748252,3538093.49
27,17,18713.578041958044,2676041.66
27,18,11320.96109489051,1550971.67
27,19,790.6855244755245,113068.03
27,20,11159.393076923077,1595793.21
27,21,6867.747972027972,982087.96
27,22,17859.665454545455,2553932.16
27,23,37222.15720279721,5322768.48
27,24,9648.69916083916,1379763.98
27,25,12774.555874125874,1826761.49
27,26,12383.764265734266,1770878.29
27,27,2114.502377622378,302373.84
27,28,963.9101398601398,137839.15
27,29,7801.956713286713,1115679.81
27,30,5028.221048951049,719035.61
27,31,3562.270839160839,509404.73
27,32,8397.365314685314,1200823.24
27,33,9801.541748251748,1401620.47
27,34,18926.597972027972,2706503.51
27,35,3579.2062937062938,511826.5
27,36,2536.471328671329,362715.4
27,37,2566.7814685314684,367049.75
27,38,39725.397762237764,5680731.88
27,39,1.98,1.98
27,40,70061.09125874126,10018736.05
27,41,2278.351818181818,325804.31
27,42,10201.29825174825,1458785.65
27,44,4936.005804195804,705848.83
27,45,43.34461538461539,563.48
27,46,38260.78461538462,5471292.2
27,47,5.826086956521739,134.0
27,49,10716.222657342658,1532419.84
27,50,2752.7814685314684,393647.75
27,51,5.892307692307692,76.6
27,52,2255.9050349650347,322594.42
27,54,95.30355072463767,13151.89
27,55,14255.32020979021,2038510.79
27,56,5568.830909090909,796342.82
27,58,1538.5384615384614,200010.0
27,59,1200.596993006993,171685.37
27,60,101.84351145038168,13341.5
27,67,12280.209230769231,1756069.92
27,71,10846.354265734266,1551028.66
27,72,68527.76594405594,9799470.53
27,74,27537.11125874126,3937806.91
27,77,189.07777777777778,1701.7
27,78,6.75,81.0
27,79,36864.10958041958,5271567.67
27,80,26832.98811188811,3837117.3
27,81,29560.686643356647,4227178.19
27,82,26075.51636363636,3728798.84
27,83,9225.643426573426,1319267.01
27,85,4228.461818181819,604670.04
27,87,16603.7513986014,2374336.45
27,90,96374.53657342658,13781558.73
27,91,66687.09657342658,9536254.81
27,92,146518.14139860138,20952094.22
27,93,54910.69377622378,7852229.21
27,94,69638.93041958043,9958367.05
27,95,119519.41090909092,17091275.76
27,96,20806.99090909091,2975399.7
27,97,21268.805734265734,3041439.22
27,98,11524.137832167831,1647951.71
27,99,562.98,20830.260000000002
28,1,20180.453986013985,2885804.92
28,2,57751.27433566433,8258432.2299999995
28,3,12562.223286713286,1796397.93
28,4,27980.817202797203,4001256.86
28,5,28221.618391608394,4035691.43
28,6,5016.258671328671,717324.99
28,7,29228.446923076925,4179667.91
28,8,33375.57552447552,4772707.3
28,9,17930.71006993007,2564091.54
28,10,21083.404825174825,3014926.89
28,11,13539.14776223776,1936098.13
28,12,3441.027832167832,492066.98
28,13,38297.38657342658,5476526.28
28,14,16522.44356643357,2362709.43
28,16,7550.626363636364,1079739.57
28,17,9821.526153846155,1404478.24
28,18,8402.612456140352,957897.8200000001
28,19,1805.8952447552447,258243.02
28,20,5695.885314685314,814511.6
28,21,5153.508391608391,736951.7
28,22,10210.134825174826,1460049.28
28,23,31939.141398601398,4567297.22
28,24,8328.875804195804,1191029.24
28,25,15434.385944055944,2207117.19
28,26,10936.965314685314,1563986.04
28,27,1525.0202797202796,218077.9
28,28,561.6884615384615,80321.45
28,29,5349.592517482517,764991.73
28,30,3909.7404195804197,559092.88
28,31,2583.945034965035,369504.14
28,32,8619.192307692309,1232544.5
28,33,8378.118391608392,1198070.93
28,34,17685.60230769231,2529041.13
28,35,2675.1846153846154,382551.4
28,36,1802.2460139860138,257721.18
28,37,1981.0533566433567,283290.63
28,38,49179.48552447552,7032666.43
28,40,46197.60370629371,6606257.33
28,41,1384.8581118881118,198034.71
28,42,6342.158671328671,906928.69
28,43,0.75,1.5
28,44,4490.995384615384,642212.34
28,45,26.1178125,1671.54
28,46,20424.31853146853,2920677.55
28,47,84.146,1682.92
28,49,13234.785524475525,1892574.33
28,51,2.364444444444444,21.279999999999998
28,52,2645.526923076923,378310.35
28,54,96.11713178294575,12399.11
28,55,10960.007552447552,1567281.08
28,56,727.5941549295775,103318.37
28,58,4806.917132867133,687389.15
28,59,835.3004195804197,119447.96
28,60,665.557972027972,95174.79
28,67,6407.026363636363,916204.77
28,71,6836.11006993007,977563.74
28,72,55202.67909090909,7893983.11
28,74,13054.228461538461,1866754.67
28,77,463.0,1389.0
28,78,10.08,80.64
28,79,43467.7248951049,6215884.66
28,80,18546.61097902098,2652165.37
28,81,22125.112657342655,3163891.11
28,82,19119.629650349652,2734107.04
28,83,6364.809090909091,910167.7
28,85,1432.9710489510492,204914.86000000002
28,87,12536.787202797203,1792760.57
28,90,65285.9520979021,9335891.15
28,91,57575.60111888112,8233310.96
28,92,98486.96034965036,14083635.33
28,93,47923.50867132867,6853061.74
28,94,36164.36461538461,5171504.14
28,95,96322.11384615384,13774062.28
28,96,26288.955734265735,3759320.67
28,97,23828.86132867133,3407527.17
28,98,10673.133076923077,1526258.03
28,99,316.6056097560976,12980.83
29,1,15504.699580419581,2217172.04
29,2,25181.662727272727,3600977.77
29,3,7995.9558041958035,1143421.68
29,4,14326.216223776224,2048648.92
29,5,12931.821258741258,1849250.44
29,6,3289.884965034965,470453.55
29,7,16854.082237762235,2410133.76
29,8,20680.465944055944,2957306.63
29,9,11370.866363636364,1626033.89
29,10,9400.183076923076,1344226.18
29,11,8232.700279720279,1177276.14
29,12,2237.276993006993,319930.61
29,13,17953.007552447554,2567280.08
29,14,9601.125244755243,1372960.91
29,16,7115.321048951049,1017490.91
29,17,8000.553216783217,1144079.11
29,18,3539.8016071428574,396457.78
29,19,36.90816091954023,3211.01
29,20,3925.716013986014,561377.39
29,21,3755.09020979021,536977.9
29,22,6408.913776223777,916474.67
29,23,19722.253636363635,2820282.27
29,24,4440.371538461539,634973.13
29,25,6452.345664335664,922685.4299999999
29,26,4071.8576923076926,582275.65
29,27,1406.5686713286714,201139.32
29,28,651.7749650349651,93203.82
29,29,4577.955804195804,654647.68
29,30,3032.9025174825174,433705.06
29,31,1974.257202797203,282318.78
29,32,4196.283846153846,600068.59
29,33,4058.077972027972,580305.15
29,34,11029.653986013986,1577240.52
29,35,2413.3462937062936,345108.52
29,36,1125.3719580419581,160928.19
29,38,42484.14937062937,6075233.36
29,40,28640.312377622377,4095564.67
29,41,909.9382517482518,130121.17
29,42,3763.450699300699,538173.45
29,43,0.9166666666666666,5.5
29,44,1984.0671328671326,283721.6
29,45,31.897142857142857,223.28
29,46,12095.77951048951,1729696.47
29,47,15.978333333333333,191.74
29,48,8.982,44.91
29,49,43.50333333333334,2218.67
29,51,20.110877192982453,1146.32
29,52,959.3714685314685,137190.12
29,54,42.186454545454545,4640.51
29,55,5803.394405594406,829885.4
29,56,3089.913846153846,441857.68
29,58,1150.6548,115065.48
29,59,329.17006993006993,47071.32
29,60,274.65818181818184,30212.4
29,67,6207.3044755244755,887644.54
29,71,2852.8939860139863,407963.84
29,72,34201.58104895105,4890826.09
29,74,8432.304335664336,1205819.52
29,77,220.0,660.0
29,78,0.3333333333333333,1.0
29,79,8221.684125874126,1175700.83
29,80,30.234384615384613,3930.47
29,81,5291.476643356644,756681.16
29,82,9307.916573426573,1331032.07
29,83,758.9465734265734,108529.36
29,85,1802.4125174825174,257744.99
29,87,9095.476643356642,1300653.16
29,90,10950.327972027972,1565896.9
29,91,4691.213216783217,670843.49
29,92,25166.714265734267,3598840.14
29,93,1190.882097902098,170296.14
29,94,263.08301204819276,21835.89
29,95,30980.395594405596,4430196.57
29,96,11.799999999999999,35.4
29,97,2131.6767832167834,304829.78
29,98,139.67797101449275,19275.56
29,99,29.88,29.88
30,1,9788.376643356643,1399737.86
30,2,12974.464475524475,1855348.42
30,3,739.9818881118881,105817.41
30,4,13216.100909090908,1889902.43
30,5,405.56594405594404,57995.93
30,6,27.303937007874016,3467.6
30,7,379.77195804195804,54307.39
30,8,11733.993776223777,1677961.11
30,9,76.84535211267607,10912.04
30,10,196.1169230769231,28044.72
30,11,835.3027272727272,119448.29
30,12,72.02370629370628,10299.39
30,13,11386.088111888113,1628210.6
30,14,975.0402797202798,139430.76
30,16,1681.6684615384615,240478.59
30,17,153.27783333333335,18393.34
30,18,424.1154651162791,36473.93
30,19,2.38,2.38
30,20,46.31785714285714,3890.7
30,21,1572.905944055944,224925.55
30,22,56.5225,1808.72
30,23,17.175869565217393,790.09
30,24,9.06875,72.55
30,25,43.547642857142854,6096.67
30,26,7.1197297297297295,263.43
30,27,10.064,201.28
30,28,89.65293706293707,12820.37
30,29,8.615,34.46
30,31,67.09210937499999,8587.789999999999
30,32,38.03918032786885,4640.78
30,33,7.25,14.5
30,34,3.677777777777778,33.1
30,38,61266.48958041958,8761108.01
30,40,23431.05846153846,3350641.36
30,41,49.76829268292683,2040.5
30,42,64.55517482517482,9231.39
30,44,5.858823529411764,99.6
30,46,6429.953986013987,919483.42
30,49,7.317222222222223,131.71
30,52,19.153380281690144,2719.78
30,55,18.61777777777778,167.56
30,56,92.23709677419355,8578.05
30,59,91.67818181818181,13109.98
30,60,696.2503496503497,99563.8
30,67,1452.3444055944055,207685.25
30,72,66.88640845070424,9497.87
30,74,274.10545454545456,39197.08
30,79,5857.313916083916,837595.89
30,80,6619.199370629371,946545.51
30,81,11365.228741258741,1625227.71
30,82,4564.526643356644,652727.31
30,83,1803.6416083916083,257920.75
30,85,77.29737588652482,10898.93
30,87,321.3325874125874,45950.56
30,90,34622.98622377623,4951087.03
30,91,31576.583986013986,4515451.51
30,92,53256.041398601395,7615613.92
30,93,22409.698391608392,3204586.87
30,94,24522.622587412585,3506735.03
30,95,45456.508321678324,6500280.69
30,96,19163.112027972027,2740325.02
30,97,13172.53111888112,1883671.95
30,98,3207.0346853146852,458605.96
30,99,-0.6418181818181817,-7.06
31,1,17356.652447552446,2482001.3
31,2,58512.13153846154,8367234.81
31,3,10616.675944055944,1518184.66
31,4,34848.89923076923,4983392.59
31,5,18715.63076923077,2676335.2
31,6,3489.8094405594406,499042.75
31,7,21012.43853146853,3004778.71
31,8,25277.976713286713,3614750.67
31,9,10815.516713286712,1546618.89
31,10,19911.584405594404,2847356.57
31,11,11583.676153846154,1656465.69
31,12,2800.221958041958,400431.74
31,13,42661.320629370624,6100568.85
31,14,17550.170000000002,2509674.31
31,16,8361.894755244755,1195750.95
31,17,8043.448671328671,1150213.16
31,18,5800.1208,725015.1
31,19,41.5465034965035,5941.15
31,20,6430.436713286713,919552.45
31,21,4636.288601398602,662989.27
31,22,8635.45188811189,1234869.62
31,23,20767.686923076923,2969779.23
31,24,4491.3569230769235,642264.04
31,25,9346.158391608391,1336500.65
31,26,7158.594545454545,1023679.02
31,27,1211.6436363636365,173265.04
31,28,605.2558741258741,86551.59
31,29,4374.8726573426575,625606.79
31,30,3127.9227972027975,447292.96
31,31,2309.8772027972027,330312.44
31,32,6118.760069930069,874982.69
31,33,4924.68944055944,704230.59
31,34,14279.747272727274,2042003.86
31,35,1900.8715384615384,271824.63
31,36,1459.9595104895104,208774.21
31,37,3032.6483216783217,433668.71
31,38,80572.5283916084,11521871.56
31,40,56982.26629370629,8148464.08
31,41,1334.491888111888,190832.34
31,42,5371.462377622378,768119.12
31,44,2291.0570629370627,327621.16
31,45,10.521212121212123,347.20000000000005
31,46,25648.204755244755,3667693.28
31,47,-20.261333333333333,-303.92
31,49,8670.792657342658,1239923.35
31,51,17.722641509433963,939.3
31,52,725.6053846153845,103761.56999999999
31,54,84.19015267175573,11028.91
31,55,7946.053216783217,1136285.61
31,56,1747.5075524475524,249893.58
31,58,3305.775734265734,472725.93
31,59,524.495034965035,75002.79
31,60,252.9212121212121,33385.6
31,67,6633.951258741259,948655.03
31,71,5743.170909090909,821273.44
31,72,45999.66146853147,6577951.59
31,74,15344.295734265734,2194234.29
31,77,192.33333333333334,1154.0
31,78,0.8742857142857142,6.119999999999999
31,79,36201.9386013986,5176877.22
31,80,19019.9479020979,2719852.55
31,81,25303.36188811189,3618380.75
31,82,18063.452097902096,2583073.65
31,83,8511.813076923077,1217189.27
31,85,1305.1941958041957,186642.77
31,87,8460.688251748252,1209878.42
31,90,86167.2658041958,12321919.01
31,91,70232.13356643356,10043195.1
31,92,127010.1186013986,18162446.96
31,93,57876.20566433566,8276297.41
31,94,68732.14181818182,9828696.28
31,95,106696.01923076923,15257530.75
31,96,30335.294265734265,4337947.08
31,97,31144.97811188811,4453731.87
31,98,10101.886713286714,1444569.8
31,99,218.74220338983054,12905.79
32,1,22852.639510489513,3267927.45
32,2,50323.49734265734,7196260.12
32,3,15472.54013986014,2212573.24
32,4,28137.154965034966,4023613.16
32,5,20748.371888111888,2967017.18
32,6,4589.748391608392,656334.02
32,7,25375.036993006994,3628630.29
32,8,24681.34958041958,3529432.99
32,9,20739.684685314685,2965774.91
32,10,22887.25748251748,3272877.82
32,11,14865.003916083917,2125695.56
32,12,3193.5365734265733,456675.73
32,13,30027.923986013986,4293993.13
32,14,15590.275734265735,2229409.43
32,16,14786.892027972028,2114525.56
32,17,11409.636993006994,1631578.09
32,18,7540.921694915254,889828.76
32,19,1642.6246853146852,234895.33
32,20,5057.866713286713,723274.94
32,21,5054.996643356643,722864.52
32,22,8995.943916083916,1286419.98
32,23,18601.974545454545,2660082.36
32,24,4089.416923076923,584786.62
32,25,7758.946153846154,1109529.3
32,26,5855.90048951049,837393.77
32,27,1261.8755244755246,180448.2
32,28,659.9951748251748,94379.31
32,29,3253.888881118881,465306.11
32,30,2364.7805594405595,338163.62
32,31,2156.6845454545455,308405.89
32,32,5196.571118881119,743109.67
32,33,3830.254825174825,547726.44
32,34,11422.796993006992,1633459.97
32,35,2141.6961538461537,306262.55
32,36,1461.0634265734266,208932.07
32,37,2951.560699300699,422073.18
32,38,61116.86783216783,8739712.1
32,40,58275.67286713287,8333421.22
32,41,2817.8293706293703,402949.6
32,42,6578.8076223776225,940769.49
32,44,4266.812097902098,610154.13
32,45,16.967848101265822,1340.46
32,46,26530.454825174824,3793855.04
32,47,-5.25,-84.0
32,48,4.351111111111111,39.16
32,49,4663.605594405594,666895.6
32,51,26.955774647887324,1913.8600000000001
32,52,2512.9834265734266,359356.63
32,54,80.42759398496241,10696.87
32,55,9195.223496503497,1314916.96
32,56,5524.586223776223,790015.83
32,58,2006.4406293706295,286921.01
32,59,656.2739160839161,93847.17
32,60,800.0993006993007,114414.2
32,67,9503.097762237761,1358942.98
32,71,5067.614965034965,724668.9400000001
32,72,44351.62895104895,6342282.94
32,74,14739.222167832168,2107708.77
32,77,447.5,895.0
32,78,2.1119999999999997,21.119999999999997
32,79,15463.952797202797,2211345.25
32,80,16749.993776223775,2395249.11
32,81,17124.83811188811,2448851.85
32,82,18208.699930069928,2603844.09
32,83,3742.8377622377625,535225.8
32,85,2272.82,325013.26
32,87,6909.307202797203,988030.93
32,90,61639.63713286713,8814468.11
32,91,48368.75615384615,6916732.13
32,92,100122.92902097902,14317578.85
32,93,30732.226923076923,4394708.45
32,94,48650.04097902098,6956955.86
32,95,84695.2341958042,12111418.49
32,96,2308.4118181818185,330102.89
32,97,17160.31,2453924.33
32,98,7939.262377622378,1135314.52
32,99,379.14725,15165.89
33,1,2379.0865734265735,340209.38
33,2,7471.4251048951055,1068413.79
33,3,283.95013986013987,40604.87
33,4,6107.616013986014,873389.09
33,5,112.72830985915493,16007.42
33,6,11.996538461538462,311.91
33,7,392.9128671328671,56186.54
33,8,3679.792167832168,526210.28
33,9,42.788347826086955,4920.66
33,10,80.30118881118881,11483.07
33,11,170.11244755244755,24326.079999999998
33,12,21.053969465648855,2758.07
33,13,6931.686503496504,991231.17
33,14,1018.8675524475524,145698.06
33,16,323.6283916083916,46278.86
33,17,297.0311888111888,42475.46
33,18,308.9543209876543,25025.3
33,20,52.82601449275362,7289.99
33,21,200.8453146853147,28720.88
33,22,35.14811594202898,2425.22
33,23,5.342857142857143,112.2
33,24,23.9675,575.22
33,25,34.63395833333333,3324.86
33,26,134.93986013986014,19296.4
33,27,1.0,1.0
33,31,40.06969696969697,1322.3
33,32,28.796969696969697,950.3
33,33,20.191499999999998,403.83
33,34,4.351999999999999,21.759999999999998
33,35,19.0,95.0
33,36,45.0,180.0
33,38,13539.82,1936194.26
33,40,6243.193916083916,892776.73
33,41,43.04032258064516,2668.5
33,42,55.75223076923077,7247.79
33,44,3.2504545454545455,71.51
33,46,1953.485804195804,279348.47
33,49,8.0,40.0
33,52,17.41197674418605,1497.43
33,55,32.76229508196721,3997.0
33,56,123.40307692307692,1604.24
33,59,24.498620689655173,2131.38
33,60,107.26573426573427,15339.0
33,67,645.4054545454545,92292.98
33,71,5.0,5.0
33,72,10.453333333333333,62.72
33,74,363.3018181818182,51952.16
33,79,10952.508111888112,1566208.66
33,80,8293.086923076922,1185911.43
33,81,8913.666083916083,1274654.25
33,82,3134.103006993007,448176.73
33,83,2565.923076923077,366927.0
33,87,332.94415492957745,47278.07
33,90,24899.923146853147,3560689.01
33,91,9862.862867132866,1410389.39
33,92,34227.662867132865,4894555.79
33,93,25648.054265734263,3667671.76
33,94,29002.624475524473,4147375.3
33,95,27022.94916083916,3864281.73
33,96,9371.822167832168,1340170.57
33,97,5375.769510489511,768735.04
33,98,7340.692167832168,1049718.98
33,99,0.022,0.11
34,1,19947.57307692308,2852502.95
34,2,34916.22587412587,4993020.3
34,3,8377.376433566435,1197964.83
34,4,19791.50902097902,2830185.79
34,5,21633.900559440557,3093647.78
34,6,3419.062027972028,488925.87
34,7,18055.491608391607,2581935.3
34,8,27165.013146853147,3884596.88
34,9,17224.253496503497,2463068.25
34,10,16957.163566433566,2424874.39
34,11,15681.386993006992,2242438.34
34,12,5312.239300699301,759650.22
34,13,23518.43986013986,3363136.9
34,14,10049.68846153846,1437105.45
34,16,16687.234965034964,2386274.6
34,17,6743.74986013986,964356.23
34,18,5104.287723577236,627827.39
34,19,29.99074074074074,2429.25
34,20,2977.826013986014,425829.12
34,21,4441.242587412587,635097.69
34,22,6152.8216783216785,879853.5
34,23,13611.645524475525,1946465.31
34,24,3032.286713286713,433617.0
34,25,5790.009160839161,827971.31
34,26,4476.318181818182,640113.5
34,27,731.1102097902098,104548.76
34,28,273.55545454545455,39118.43
34,29,2146.3405594405594,306926.7
34,30,1903.1337762237763,272148.13
34,31,959.7367832167831,137242.36
34,32,5010.56972027972,716511.47
34,33,3464.044825174825,495358.41
34,34,8064.623916083916,1153241.22
34,35,1693.4543356643358,242163.97
34,36,883.7164335664336,126371.45
34,37,2221.7174125874126,317705.59
34,38,48819.291818181824,6981158.73
34,40,38458.90993006993,5499624.12
34,41,407.49267605633804,57863.96
34,42,4210.795594405595,602143.77
34,44,3303.2736363636363,472368.13
34,45,15.973400000000002,798.6700000000001
34,46,17203.738181818182,2460134.56
34,47,-78.91916666666667,-947.03
34,48,1219.9942063492063,153719.27
34,49,3965.9407692307695,567129.53
34,51,27.203382352941176,1849.83
34,52,1243.2427972027972,177783.72
34,54,58.33669642857143,6533.71
34,55,10208.866923076923,1459867.97
34,56,3916.4426573426576,560051.3
34,58,1879.2317391304348,129666.99
34,59,501.387062937063,71698.35
34,60,68.41037735849056,7251.5
34,65,45441.70622377622,6498163.99
34,67,6732.085734265735,962688.26
34,71,2360.7175524475524,337582.61
34,72,36636.553076923075,5239027.09
34,74,7516.448181818182,1074852.09
34,77,477.0,954.0
34,78,3.0,3.0
34,79,14997.882307692307,2144697.17
34,80,11687.922447552446,1671372.91
34,81,15840.57958041958,2265202.88
34,82,15730.6986013986,2249489.9
34,83,2838.023986013986,405837.43
34,85,1882.8304895104895,269244.76
34,87,6067.450629370629,867645.44
34,90,44338.936783216785,6340467.96
34,91,34018.102237762236,4864588.62
34,92,67782.5209090909,9692900.49
34,93,29590.11132867133,4231385.92
34,94,37428.096923076926,5352217.86
34,95,69245.18797202798,9902061.88
34,96,19154.212307692305,2739052.36
34,97,17570.57748251748,2512592.58
34,98,7775.998181818181,1111967.74
34,99,347.1443243243243,12844.34
35,1,17082.647902097902,2442818.65
35,2,45578.45622377622,6517719.24
35,3,14308.382797202798,2046098.74
35,4,19495.63111888112,2787875.25
35,5,24858.433706293705,3554756.02
35,6,7256.417132867133,1037667.65
35,7,30267.58979020979,4328265.34
35,8,18416.40167832168,2633545.44
35,9,15657.032937062937,2238955.71
35,10,14818.443706293707,2119037.45
35,11,17897.42188811189,2559331.33
35,12,2124.073146853147,303742.46
35,13,33504.49811188811,4791143.23
35,14,28741.281678321677,4110003.28
35,16,7441.906363636364,1064192.61
35,17,17153.866503496505,2453002.91
35,18,6476.6137499999995,829006.5599999999
35,19,-9.788,-97.88
35,20,11896.808601398601,1701243.63
35,21,3823.951888111888,546825.12
35,22,21541.95293706294,3080499.27
35,23,40062.517342657346,5728939.98
35,24,11090.52055944056,1585944.44
35,25,14760.109650349652,2110695.68
35,26,13033.82020979021,1863836.29
35,27,1618.0561538461538,231382.03
35,28,740.8525874125874,105941.92
35,29,8768.50062937063,1253895.59
35,30,6063.604825174825,867095.49
35,31,4629.956783216783,662083.82
35,32,7872.417272727273,1125755.67
35,33,10770.603986013984,1540196.3699999999
35,34,25881.45321678322,3701047.81
35,35,3282.671048951049,469421.96
35,36,3780.4962937062937,540610.97
35,38,35790.490559440565,5118040.15
35,40,36092.428181818184,5161217.23
35,41,2074.757762237762,296690.36
35,42,8072.815594405593,1154412.63
35,44,1809.1567832167832,258709.42
35,45,4.365,17.46
35,46,16286.060069930068,2328906.59
35,47,-99.08833333333332,-3567.18
35,49,0.5175438596491221,29.49999999999996
35,51,22.831294117647058,1940.66
35,52,1616.18006993007,231113.75
35,54,198.64948529411765,27016.33
35,55,11675.244965034964,1669560.03
35,56,834.1141911764706,113439.53
35,58,2744.160714285714,384182.5
35,59,830.7785294117647,112985.87999999999
35,60,93.41678321678322,13358.6
35,67,5412.058741258741,773924.4
35,71,12648.171538461538,1808688.53
35,72,88331.80888111888,12631448.67
35,74,21901.52048951049,3131917.43
35,77,99.096,495.48
35,78,12.6,63.0
35,79,25282.46146853147,3615391.99
35,80,51.006940298507466,6834.93
35,81,7423.777482517482,1061600.18
35,82,11032.78783216783,1577688.66
35,83,2497.1968531468533,357099.15
35,85,2012.5662937062937,287796.98
35,87,11760.22839160839,1681712.66
35,90,12960.45020979021,1853344.38
35,91,7919.08013986014,1132428.46
35,92,33776.032027972025,4829972.58
35,93,1528.4514685314684,218568.56
35,94,200.2704347826087,18424.88
35,95,43286.536993006994,6189974.79
35,96,10.788333333333334,129.46
35,97,3738.2925174825173,534575.83
35,98,68.28483050847457,8057.61
36,1,2239.227412587413,320209.52
36,2,13416.025664335664,1918491.67
36,3,381.32426573426574,54529.37
36,4,9873.505104895105,1411911.23
36,5,314.75398230088496,35567.2
36,6,26.29157894736842,499.54
36,7,414.42832167832165,59263.25
36,8,3417.64041958042,488722.58
36,9,102.21173913043478,9403.48
36,10,175.0523076923077,25032.48
36,11,281.67478873239435,39997.82
36,12,35.497984496124026,4579.24
36,13,12176.395314685315,1741224.53
36,14,1799.510979020979,257330.07
36,16,624.4677622377623,89298.89
36,17,476.2758041958042,68107.44
36,18,272.56224719101124,24258.04
36,20,64.1663120567376,9047.45
36,21,240.62895104895105,34409.94
36,22,39.17052631578948,744.2400000000001
36,23,10.945555555555556,197.02
36,24,14.606,73.03
36,25,19.733125,2210.11
36,26,180.60251748251747,25826.16
36,29,4.0,4.0
36,31,74.10279069767442,3186.42
36,32,15.09375,241.5
36,33,-3.1566666666666667,-9.47
36,34,8.424,42.12
36,36,-30.0,-30.0
36,38,18169.855524475523,2598289.34
36,40,10541.56986013986,1507444.49
36,41,60.63636363636363,667.0
36,42,92.58469230769231,12036.01
36,44,4.3237499999999995,69.17999999999999
36,46,2464.3211188811188,352397.92
36,49,5.0,10.0
36,52,5.280571428571428,184.82
36,55,128.96190476190478,16249.2
36,56,202.8576923076923,5274.3
36,59,28.774666666666665,2158.1
36,60,162.31748251748252,23211.4
36,67,675.9437062937063,96659.95
36,71,-29.0,-29.0
36,72,-27.64636363636364,-304.11
36,74,602.5002797202797,86157.54
36,79,17498.48909090909,2502283.94
36,80,20561.60195804196,2940309.08
36,81,12266.726013986014,1754141.82
36,82,4846.001818181819,692978.26
36,83,3425.058321678322,489783.34
36,85,59.42,118.84
36,87,280.25235294117647,33350.03
36,90,35474.191958041956,5072809.45
36,91,11097.875874125873,1586996.25
36,92,44539.56447552447,6369157.72
36,93,26103.315664335667,3732774.14
36,94,47372.15111888112,6774217.61
36,95,39735.688741258746,5682203.49
36,96,15683.341818181818,2242717.88
36,97,6469.273636363637,925106.13
36,98,9009.943776223776,1288421.96
36,99,0.02,0.02
37,1,11024.235874125874,1576465.73
37,2,16511.446223776224,2361136.81
37,3,1297.8620279720278,185594.27
37,4,17614.013636363637,2518803.95
37,5,1137.6311888111888,162681.26
37,6,46.31362962962963,6252.34
37,7,824.9783916083917,117971.91
37,8,16151.397902097902,2309649.9
37,9,151.2338028169014,21475.2
37,10,387.6446853146853,55433.19
37,11,1747.1831468531468,249847.19
37,12,182.04825174825177,26032.9
37,13,16734.08811188811,2392974.6
37,14,1416.2204895104894,202519.53
37,16,2215.6324475524475,316835.44
37,17,324.2439160839161,46366.88
37,18,580.277380952381,48743.3
37,20,64.42042253521127,4573.85
37,21,1915.6254545454547,273934.44
37,22,85.16483870967743,2640.11
37,23,42.991264367816086,3740.24
37,24,6.342222222222222,114.16
37,25,67.3448951048951,9630.32
37,26,10.471666666666668,188.49
37,27,23.26879518072289,1931.31
37,28,139.91545454545454,20007.91
37,31,123.62323943661971,17554.5
37,32,103.30333333333334,3409.01
37,33,4.885555555555555,43.97
37,38,69388.85447552447,9922606.19
37,40,27125.87979020979,3879000.81
37,41,5.666666666666667,17.0
37,42,114.22034965034965,16333.51
37,44,4.442352941176471,75.52
37,46,8520.157202797203,1218382.48
37,49,18.46977777777778,831.14
37,52,32.24650349650349,4611.25
37,55,6.268888888888889,112.84
37,56,352.6708620689655,40909.82
37,59,142.40146853146854,20363.41
37,60,755.8867132867133,108091.8
37,67,2402.8269930069932,343604.26
37,71,26.5,53.0
37,72,213.4532167832168,30523.81
37,74,681.2673426573426,97421.23
37,79,7642.5006993007,1092877.6
37,80,10629.770489510489,1520057.18
37,81,10698.796713286712,1529927.93
37,82,5569.438321678322,796429.68
37,83,2329.6138461538458,333134.77999999997
37,85,127.90496503496503,18290.41
37,87,1020.0672027972029,145869.61000000002
37,90,44144.42811188811,6312653.22
37,91,30870.677062937066,4414506.82
37,92,59440.577132867125,8500002.53
37,93,21599.85104895105,3088778.7
37,94,33656.64811188811,4812900.68
37,95,51410.551118881114,7351708.81
37,96,20375.38076923077,2913679.45
37,97,13960.701398601399,1996380.3
37,98,5286.761118881119,756006.84
37,99,15.0,45.0
38,1,6923.538531468532,990066.01
38,2,10986.172657342657,1571022.69
38,3,498.70020979020984,71314.13
38,4,10669.501328671327,1525738.69
38,5,397.41832167832166,56830.82
38,6,37.01485507246377,5108.05
38,7,413.539020979021,59136.08
38,8,9485.399440559442,1356412.12
38,9,77.52034965034964,11085.41
38,10,365.3648951048951,52247.18
38,11,752.8816783216784,107662.08
38,12,63.58370629370629,9092.47
38,13,10033.864755244755,1434842.66
38,14,997.0984615384615,142585.08
38,16,849.8799300699301,121532.83
38,17,424.5595804195804,60712.02
38,18,359.1984615384616,32687.06
38,20,54.377558139534884,4676.47
38,21,1054.0391608391608,150727.6
38,22,54.12916666666667,1948.65
38,23,37.848679245283016,4011.96
38,24,8.803870967741936,272.92
38,25,52.630699300699305,7526.1900000000005
38,26,7.574528301886792,401.45
38,27,12.048,783.12
38,28,91.476993006993,13081.21
38,29,14.739166666666668,176.87
38,31,31.459915966386554,3743.73
38,32,42.52646153846153,5528.44
38,33,6.54875,209.56
38,34,12.672857142857143,177.42000000000002
38,35,7.0,7.0
38,38,54955.784335664335,7858677.16
38,40,16473.388041958042,2355694.49
38,42,99.81503496503495,14273.55
38,44,6.146851851851852,331.93
38,46,4948.93937062937,707698.33
38,49,10.118,303.54
38,52,21.39958041958042,3060.14
38,55,9.412500000000001,75.30000000000001
38,56,111.74217391304347,7710.21
38,59,67.256,9415.84
38,60,395.9118881118881,56615.4
38,67,791.9227972027973,113244.96
38,72,170.98223776223776,24450.46
38,74,393.06629370629366,56208.479999999996
38,79,8630.96216783217,1234227.59
38,80,11158.941398601399,1595728.62
38,81,10260.830699300699,1467298.79
38,82,5551.165244755245,793816.63
38,83,2392.0420979020982,342062.02
38,85,80.16135714285714,11222.59
38,87,582.2507692307693,83261.86
38,90,34765.57678321678,4971477.4799999995
38,91,25404.86041958042,3632895.04
38,92,45314.43482517482,6479964.18
38,93,18868.91909090909,2698255.43
38,94,21331.41125874126,3050391.81
38,95,41793.64902097902,5976491.81
38,96,11981.676643356643,1713379.76
38,97,9902.368181818181,1416038.65
38,98,4783.086713286713,683981.4
38,99,25.0,25.0
39,1,21925.021188811188,3135278.03
39,2,67338.42937062937,9629395.4
39,3,20569.70160839161,2941467.33
39,4,44807.51510489511,6407474.66
39,5,24043.436783216785,3438211.46
39,6,4911.540419580419,702350.28
39,7,40020.49286713287,5722930.48
39,8,36130.64160839161,5166681.75
39,9,19396.117692307693,2773644.83
39,10,14919.373916083918,2133470.47
39,11,20428.26230769231,2921241.5100000002
39,12,4621.15986013986,660825.86
39,13,54991.42342657343,7863773.55
39,14,21125.77832167832,3020986.3
39,16,26691.769160839158,3816922.9899999998
39,17,11699.538951048951,1673034.07
39,18,11333.330583941606,1552666.29
39,19,-3.2381818181818183,-106.86
39,20,7874.601678321678,1126068.04
39,21,7177.074685314686,1026321.68
39,22,13013.560139860141,1860939.1
39,23,18550.752517482517,2652757.61
39,24,6470.795384615384,925323.74
39,25,7243.153006993007,1035770.88
39,26,9406.726783216784,1345161.93
39,27,1424.3611188811187,203683.63999999998
39,28,622.2608391608392,88983.3
39,29,5678.498111888111,812025.23
39,30,3799.6882517482522,543355.42
39,31,2337.0743356643356,334201.63
39,32,5976.223006993007,854599.89
39,33,6923.695454545455,990088.45
39,34,16354.447272727273,2338685.96
39,35,2057.284055944056,294191.62
39,36,2032.1955944055942,290603.97
39,38,43195.578321678324,6176967.7
39,40,59145.962447552454,8457872.63
39,41,1321.4991608391608,188974.38
39,42,3576.484475524476,511437.28
39,44,4434.812167832168,634178.14
39,45,18.438676470588234,1253.83
39,46,34122.18223776224,4879472.06
39,47,2.3600000000000003,23.6
39,49,7623.4180419580425,1090148.78
39,51,16.19605633802817,1149.92
39,52,1901.061958041958,271851.86
39,54,94.65925373134328,12684.34
39,55,11598.1986013986,1658542.4
39,56,3781.564195804196,540763.68
39,58,2479.951258741259,354633.03
39,59,722.352097902098,103296.35
39,60,405.140243902439,33221.5
39,67,11633.406573426573,1663577.14
39,71,6469.893286713286,925194.74
39,72,54929.07853146853,7854858.2299999995
39,74,22014.285244755247,3148042.79
39,77,135.964,679.82
39,78,12.0,24.0
39,79,39430.359160839165,5638541.36
39,80,11972.877062937063,1712121.42
39,81,19245.24965034965,2752070.7
39,82,22436.572727272727,3208429.9
39,83,5738.832517482518,820653.05
39,85,1710.142027972028,244550.31
39,87,6762.436993006993,967028.49
39,90,78649.53468531468,11246883.459999999
39,91,60386.28601398601,8635238.9
39,92,110126.20958041959,15748047.97
39,93,39684.509999999995,5674884.93
39,94,59830.190279720286,8555717.21
39,95,103036.75713286713,14734256.27
39,96,27089.1586013986,3873749.68
39,97,23993.406853146855,3431057.18
39,98,9767.295734265734,1396723.29
39,99,334.869756097561,13729.66
40,1,18794.57881118881,2687624.77
40,2,26702.705174825172,3818486.84
40,3,6489.030349650349,927931.34
40,4,24386.75055944056,3487305.33
40,5,17689.671678321676,2529623.05
40,6,4003.068601398601,572438.8099999999
40,7,18898.214335664336,2702444.65
40,8,33971.53223776224,4857929.11
40,9,19065.436293706294,2726357.39
40,10,19612.6293006993,2804605.9899999998
40,11,12807.144685314684,1831421.69
40,12,4403.534615384615,629705.45
40,13,21550.356923076924,3081701.04
40,14,12348.471398601398,1765831.41
40,16,13322.372027972027,1905099.2
40,17,7652.32076923077,1094281.87
40,18,4509.372118644068,532105.91
40,19,-5.0,-15.0
40,20,3526.3219580419577,504264.04
40,21,6585.782937062937,941766.96
40,22,6454.6516083916085,923015.18
40,23,14064.668461538462,2011247.59
40,24,2954.521818181818,422496.62
40,25,6704.41034965035,958730.68
40,26,4318.451328671329,617538.54
40,27,1006.653076923077,143951.39
40,28,324.23454545454547,46365.54
40,29,3270.596853146853,467695.35
40,30,2635.7896503496504,376917.92
40,31,1319.277062937063,188656.62
40,32,4532.5034965034965,648148.0
40,33,3106.724125874126,444261.55
40,34,7590.31951048951,1085415.69
40,35,2060.226013986014,294612.32
40,36,828.5864335664336,118487.86
40,37,1957.9645454545455,279988.93
40,38,36229.27580419581,5180786.44
40,40,33370.94531468531,4772045.18
40,41,280.90783216783217,40169.82
40,42,4607.1327972027975,658819.99
40,44,3247.999230769231,464463.89
40,45,18.241607142857145,1021.5300000000001
40,46,9412.404195804196,1345973.8
40,47,-17.254285714285714,-241.56
40,48,752.3924409448819,95553.84
40,49,43.962112676056336,3121.31
40,51,22.127254901960786,1128.49
40,52,942.737972027972,134811.53
40,54,96.27293233082706,12804.3
40,55,9000.258741258742,1287037.0
40,56,3787.050769230769,541548.26
40,58,3107.429906542056,332495.0
40,59,274.0524475524476,39189.5
40,60,122.58538461538461,17529.71
40,67,7014.41,1003060.63
40,71,2330.9555244755247,333326.64
40,72,39443.06258741259,5640357.95
40,74,9822.268181818183,1404584.35
40,77,363.0,1452.0
40,78,7.5,15.0
40,79,13128.156153846154,1877326.33
40,80,16461.2127972028,2353953.43
40,81,19893.8586013986,2844821.78
40,82,13581.162027972028,1942106.17
40,83,3370.2325174825173,481943.25
40,85,1981.23979020979,283317.29
40,87,20070.12895104895,2870028.44
40,90,61258.202867132866,8759923.01
40,91,43256.15685314685,6185630.43
40,92,96475.7532867133,13796032.72
40,93,27532.751188811188,3937183.42
40,94,38210.9006993007,5464158.8
40,95,66572.88125874125,9519922.02
40,96,15309.077972027972,2189198.15
40,97,17131.033496503496,2449737.79
40,98,8178.3710489510495,1169507.06
40,99,167.37416666666667,6025.47
41,1,23205.25993006993,3318352.17
41,2,48349.82895104895,6914025.54
41,3,17021.833356643358,2434122.17
41,4,30538.574895104895,4367016.21
41,5,25513.943776223776,3648493.96
41,6,5267.832097902098,753299.99
41,7,33711.10573426574,4820688.12
41,8,33729.08167832168,4823258.68
41,9,32743.470139860143,4682316.23
41,10,15194.223706293707,2172773.99
41,11,13605.678461538462,1945612.02
41,12,4273.264965034965,611076.89
41,13,32562.995804195805,4656508.4
41,14,17161.987552447554,2454164.22
41,16,18588.113776223778,2658100.27
41,17,12054.236363636364,1723755.8
41,18,9113.079449541285,993325.66
41,19,1163.5053086419753,94243.93
41,20,5546.318881118881,793123.6
41,21,5066.603636363636,724524.32
41,22,10331.84132867133,1477453.31
41,23,18920.311398601396,2705604.53
41,24,5172.027342657343,739599.91
41,25,7374.3093006993,1054526.23
41,26,6488.948461538462,927919.63
41,27,1373.244965034965,196374.03
41,28,463.2713286713287,66247.8
41,29,4197.46104895105,600236.93
41,30,2790.0158041958043,398972.26
41,31,2066.554965034965,295517.36
41,32,5361.930909090909,766756.12
41,33,5735.627762237762,820194.77
41,34,12943.632587412587,1850939.46
41,35,2225.103216783217,318189.76
41,36,1617.6190909090908,231319.53
41,37,3.0,6.0
41,38,46406.42657342657,6636119.0
41,40,54458.21951048951,7787525.39
41,41,1938.8081818181818,277249.57
41,42,5091.624965034965,728102.37
41,44,4615.455524475525,660010.14
41,45,24.919411764705885,2118.15
41,46,28213.117832167834,4034475.85
41,47,20.863478260869567,479.86
41,48,1307.9081395348837,112480.1
41,49,5887.886853146852,841967.82
41,51,16.185526315789474,1230.1
41,52,1964.381888111888,280906.61
41,54,68.28355555555557,9218.28
41,55,10052.520769230769,1437510.47
41,56,7643.873566433566,1093073.92
41,58,5249.282867132867,750647.45
41,59,795.3574125874126,113736.11
41,60,455.32727272727277,65111.8
41,67,9756.677342657344,1395204.86
41,71,5300.854055944056,758022.13
41,72,54877.30244755245,7847454.25
41,74,18638.237902097902,2665268.02
41,77,231.5,1389.0
41,78,9.0,36.0
41,79,21840.97951048951,3123260.07
41,80,17436.274825174823,2493387.3
41,81,19958.047482517482,2854000.79
41,82,18788.876293706293,2686809.31
41,83,3879.168741258741,554721.13
41,85,2272.1134265734263,324912.22
41,87,10042.527762237762,1436081.47
41,90,70852.0218181818,10131839.12
41,91,52714.92846153846,7538234.77
41,92,115827.66405594406,16563355.96
41,93,35415.340000000004,5064393.62
41,94,47218.52916083916,6752249.67
41,95,88666.46839160839,12679304.98
41,96,2883.492237762238,412339.39
41,97,19789.21923076923,2829858.35
41,98,9371.531608391608,1340129.02
41,99,443.736511627907,19080.670000000002
42,1,10375.14839160839,1483646.22
42,2,15976.902447552446,2284697.05
42,3,814.4511888111888,116466.52
42,4,14885.264755244754,2128592.86
42,5,1052.2967832167833,150478.44
42,6,3.3333333333333335,10.0
42,7,721.9138461538462,103233.68000000001
42,8,18238.584195804196,2608117.54
42,9,135.52405594405593,19379.94
42,10,404.596013986014,57857.23
42,11,939.8380419580419,134396.84
42,12,87.76727272727273,12550.72
42,13,15069.359930069932,2154918.47
42,14,1501.0133566433567,214644.91
42,16,1102.6718181818183,157682.07
42,17,518.8323076923077,74193.02
42,18,385.76790476190473,40505.63
42,20,63.398135593220346,3740.4900000000002
42,21,1262.8542657342657,180588.16
42,22,111.99249999999999,2239.85
42,23,44.53658823529412,3785.61
42,24,10.955,43.82
42,25,75.9806993006993,10865.24
42,26,1.2457142857142856,8.719999999999999
42,27,31.292804878048784,2566.01
42,28,57.60846153846154,8238.01
42,31,56.04921875,7174.3
42,32,40.77163120567376,5748.8
42,33,9.5,38.0
42,34,11.97,11.97
42,38,38834.04342657343,5553268.21
42,40,19788.36853146853,2829736.7
42,41,-8.0,-16.0
42,42,172.77727272727273,24707.15
42,44,2.3731999999999998,59.33
42,46,6050.036363636364,865155.2
42,49,33.41184210526316,1269.65
42,52,33.125734265734266,4736.98
42,55,-7.326666666666667,-43.96
42,56,179.75417910447763,12043.53
42,59,88.98622377622378,12725.03
42,60,335.43356643356645,47967.0
42,67,1236.3556643356642,176798.86
42,71,-58.445,-467.56
42,72,-43.21178571428572,-1209.93
42,74,267.0380434782609,36851.25
42,79,13686.231608391608,1957131.12
42,80,15307.678321678322,2188998.0
42,81,15918.666503496504,2276369.31
42,82,7409.55944055944,1059567.0
42,83,3708.9916783216786,530385.81
42,85,62.73578571428572,8783.01
42,87,960.774366197183,136429.96
42,90,53384.8979020979,7634040.4
42,91,42913.22125874126,6136590.64
42,92,83497.77867132866,11940182.35
42,93,32852.63230769231,4697926.42
42,94,35724.6120979021,5108619.53
42,95,61205.27230769231,8752353.94
42,96,15183.474195804196,2171236.81
42,97,17495.198811188813,2501813.43
42,98,6540.721258741259,935323.14
43,1,7549.109020979022,1079522.59
43,2,20722.85146853147,2963367.7600000002
43,3,999.6488811188811,142949.79
43,4,18227.382167832166,2606515.65
43,5,575.4173255813953,49485.89
43,6,37.84324561403509,4314.13
43,7,516.7728671328672,73898.52
43,8,13185.211678321679,1885485.27
43,9,147.6941958041958,21120.27
43,10,507.4267132867133,72562.02
43,11,584.8316083916084,83630.92
43,12,89.1360839160839,12746.46
43,13,17852.915174825175,2552966.87
43,14,1664.022937062937,237955.28
43,16,2654.8026573426573,379636.78
43,17,623.7377622377622,89194.5
43,18,704.6505208333333,67646.45
43,20,44.114347826086956,4058.52
43,21,1563.513006993007,223582.36
43,22,70.41117647058823,2393.98
43,23,25.812608695652177,593.69
43,24,2.2350000000000003,4.470000000000001
43,25,71.82223776223776,10270.58
43,26,4.463333333333334,66.95
43,27,12.443076923076923,161.76
43,28,87.09525423728813,10277.24
43,31,27.587254901960787,2813.9
43,32,20.476724137931036,1187.65
43,33,2.5,20.0
43,38,57623.88489510489,8240215.54
43,40,18156.535664335664,2596384.6
43,42,184.14328671328673,26332.49
43,44,5.314736842105264,100.98
43,46,7426.636363636364,1062009.0
43,49,17.3375,346.75
43,52,40.221408450704224,5711.44
43,55,-11.88,-11.88
43,56,160.3861,16038.61
43,59,126.47605769230769,13153.51
43,60,481.20640000000003,60150.8
43,67,1238.2937062937062,177076.0
43,71,6.920000000000002,20.760000000000005
43,72,84.3846762589928,11729.47
43,74,650.886083916084,93076.71
43,79,13525.426223776223,1934135.95
43,80,17045.276783216785,2437474.58
43,81,19464.72300699301,2783455.39
43,82,8264.136573426573,1181771.53
43,83,4952.252167832168,708172.06
43,85,83.49583333333334,5009.75
43,87,79.42424000000001,9928.03
43,90,63668.8955944056,9104652.07
43,91,34808.442167832174,4977607.23
43,92,83646.1609090909,11961401.01
43,93,36196.69321678321,5176127.13
43,94,50769.70832167832,7260068.29
43,95,72883.22328671328,10422300.93
43,96,25058.36937062937,3583346.82
43,97,19349.98993006993,2767048.56
43,98,9594.867482517482,1372066.05
43,99,26.25,105.0
44,1,8049.992307692307,1151148.9
44,2,9377.273006993008,1340950.04
44,3,571.0167132867133,81655.39
44,4,7403.959580419581,1058766.22
44,5,960.6704895104896,137375.88
44,6,34.648721804511275,4608.28
44,7,531.0348951048951,75937.99
44,8,4963.966223776224,709847.17
44,9,99.81727272727274,14273.87
44,10,153.79265734265732,21992.35
44,11,608.4946853146854,87014.74
44,12,77.13902097902097,11030.88
44,13,7300.262447552448,1043937.53
44,14,730.3114685314684,104434.54
44,16,846.4336363636363,121040.01
44,17,330.3880419580419,47245.49
44,18,430.2572527472528,39153.41
44,20,31.559714285714282,2209.18
44,21,770.1832867132867,110136.21
44,22,63.158181818181816,694.74
44,23,19.318247422680415,1873.8700000000001
44,24,14.097391304347827,324.24
44,25,34.19188811188811,4889.44
44,26,120.533125,3857.06
44,27,12.55546875,803.55
44,28,72.64286713286714,10387.93
44,31,12.395555555555555,1004.04
44,32,33.57446969696969,4431.83
44,33,9.03,189.63
44,34,-9.88,-9.88
44,38,45778.574685314685,6546336.18
44,40,15146.96811188811,2166016.44
44,42,52.422518518518515,7077.04
44,44,4.743,47.43
44,46,5871.248181818181,839588.49
44,49,5.416666666666667,65.0
44,52,25.69846153846154,3674.88
44,55,4.174666666666666,62.62
44,56,589.0967272727273,64800.64
44,59,92.99575999999999,11624.47
44,60,370.76083916083917,53018.8
44,67,1117.7375524475524,159836.47
44,71,-41.28333333333333,-123.85
44,72,102.7202097902098,14688.99
44,74,430.9837062937063,61630.67
44,79,4496.693286713286,643027.14
44,80,5023.550909090909,718367.78
44,81,7472.975944055945,1068635.56
44,82,3882.9426573426576,555260.8
44,83,952.0126573426573,136137.81
44,85,132.4263043478261,18274.83
44,87,218.2209090909091,31205.59
44,90,31182.601818181814,4459112.06
44,91,18169.51006993007,2598239.94
44,92,39619.56328671329,5665597.55
44,93,11029.915734265734,1577277.95
44,94,23812.046993006996,3405122.72
44,95,31100.18517482518,4447326.48
44,96,2834.1395804195804,405281.96
44,97,6636.467412587413,949014.84
44,98,3466.077062937063,495649.02
44,99,3.505,7.01
45,1,17745.916013986014,2537665.99
45,2,35800.91244755245,5119530.48
45,3,9508.014965034965,1359646.14
45,4,24229.873146853144,3464871.86
45,5,16107.063076923077,2303310.02
45,6,3554.2226573426574,508253.84
45,7,23757.77153846154,3397361.33
45,8,34050.40958041958,4869208.57
45,9,15485.885804195803,2214481.67
45,10,14245.086993006993,2037047.44
45,11,14228.37867132867,2034658.15
45,12,3620.2846153846153,517700.7
45,13,27243.504615384616,3895821.16
45,14,12476.371608391608,1784121.14
45,16,16600.54048951049,2373877.29
45,17,10523.128391608392,1504807.36
45,18,6340.19569105691,779844.07
45,19,1370.0726573426575,195920.39
45,20,5109.0630769230775,730596.02
45,21,4061.3095804195805,580767.27
45,22,8324.06076923077,1190340.69
45,23,22916.69097902098,3277086.81
45,24,5463.712867132867,781310.9400000001
45,25,8409.669300699301,1202582.71
45,26,7258.836223776223,1038013.58
45,27,1328.1967832167834,189932.14
45,28,646.8414685314685,92498.33
45,29,4753.078671328672,679690.25
45,30,3021.6896503496505,432101.62
45,31,2654.7044055944057,379622.73
45,32,4863.574825174825,695491.2
45,33,5181.216783216783,740914.0
45,34,14224.687272727273,2034130.28
45,35,2647.2838461538463,378561.59
45,36,1732.512937062937,247749.35
45,38,53242.55552447553,7613685.44
45,40,39205.858601398606,5606437.78
45,41,2671.42020979021,382013.09
45,42,4447.306363636363,635964.8099999999
45,44,2596.3194405594404,371273.68
45,45,15.093600000000002,377.34000000000003
45,46,14638.547692307693,2093312.32
45,47,-88.42,-1061.04
45,49,44.7056923076923,2905.87
45,51,4.750909090909091,104.52000000000001
45,52,1466.2651748251749,209675.92
45,54,52.11369369369369,5784.62
45,55,6085.695874125874,870254.51
45,56,3632.1498601398603,519397.43
45,58,1735.1068345323743,241179.85
45,59,600.7863636363636,85912.45
45,60,177.01538461538462,25313.2
45,67,6801.026643356644,972546.81
45,71,4396.411328671328,628686.82
45,72,37466.30839160839,5357682.1
45,74,10710.12111888112,1531547.32
45,77,190.745,1525.96
45,78,11.0,88.0
45,79,15245.023146853147,2180038.31
45,80,558.6343846153846,72622.47
45,81,14653.096013986014,2095392.73
45,82,13430.491398601398,1920560.27
45,83,824.5827972027972,117915.34
45,85,2001.3830769230772,286197.78
45,87,6307.075874125874,901911.85
45,90,23674.035244755247,3385387.04
45,91,16641.92734265734,2379795.61
45,92,48125.897762237764,6882003.38
45,93,2728.627132867133,390193.68
45,94,3690.272089552239,494496.46
45,95,52896.16664335664,7564151.83
45,96,2.9699999999999998,5.9399999999999995
45,97,6466.961888111889,924775.55
45,98,561.2390370370371,75767.27
